:020000041000EA
:1000000000B5324B212058609868022188439860DF
:10001000D860186158612E4B002199600221596106
:100020000121F02299502B49196001219960352056
:1000300000F044F80222904214D00621196600F024
:1000400034F8196E01211966002018661A6600F04E
:100050002CF8196E196E196E052000F02FF8012189
:100060000842F9D1002199601B49196000215960AB
:100070001A491B48016001219960EB211966A021F2
:10008000196600F012F800219960164914480160C1
:100090000121996001BC002800D000471248134993
:1000A000086003C880F30888084703B5996A0420EC
:1000B0000142FBD001200142F8D103BD02B5186610
:1000C0001866FFF7F2FF186E186E02BD00000240BE
:1000D000000000180000070000035F00212200005C
:1000E000F4000018222000A00001001008ED00E03C
:1000F00000000000000000000000000074B24E7A12
:1001000000200420F7010010CB010010CD010010E9
:10011000C9010010C9010010C9010010C901001077
:10012000C9010010C9010010C9010010CF01001061
:10013000C9010010C9010010D1010010D301001045
:10014000C1010010C1010010C1010010C101001067
:10015000C1010010C1010010C1010010C101001057
:10016000C1010010C1010010C1010010C101001047
:10017000C1010010C1010010C1010010C101001037
:10018000C1010010C1010010C1010010C101001027
:10019000C1010010C1010010C1010010C101001017
:1001A000C1010010C1010010C1010010C101001007
:1001B000C1010010C1010010C1010010C1010010F7
:1001C000EFF30580103800BE00BE00BE00BE00BECA
:1001D00000BE00BEF2EB8871FC5001101C510110F2
:1001E0003802001090A31AE700201E49086006C8D4
:1001F00081F3088810471C480068002801D00020BF
:10020000F3E70DA40ECC002902D000F012F8F9E7B4
:100210001649174A002000E001C19142FCD115495E
:100220008847154988471549884700BEFDE701C939
:1002300001C29A42FBD370471C510110C00000203C
:10024000B41A0020106B01100000042000000420EC
:10025000106B0110001004200010042000000000AA
:100260007047000008ED00E0000000D0B41A002044
:10027000602800203146001081020010F145001076
:10028000F0B5DE4657464E464546E0B5B3B004F0FD
:1002900031FBD024022000F0B5FA04232406636267
:1002A0000320636100F0AEFA08231025A362042046
:1002B00000F0A8FA05206562A56100F0A3FA2023EA
:1002C000C94E6362C9496361300006F0B9FD02227C
:1002D000C74973680A60316813404532514088321B
:1002E0000A40C44906200A60C34A0121136000F095
:1002F00071FA0121072000F06DFA022000216561EA
:1003000001F0E8F802200021A56101F0E3F822AB3A
:100310009A46BA4B1193BA4B0A93BA4B1693BA4BFF
:100320001793BA4B1393BA4B1493BA4B9B46BA4BE1
:100330001593BA4B1293BA4B1893BA4B1993BA4B05
:100340000E93BA4B10935B460F9301F0E1F9002630
:1003500004000D00FA20800004F0D0FA831C1CD0A9
:1003600053469B190A2822D00D2820D00136187038
:100370003F2EEFD100235246935553461B78502B06
:100380001DD05A2B00D1D4E0532B00D158E1542B6F
:1003900020D0109804F048FBD7E701F0B9F9001B12
:1003A000A9410029D1D1A24B9842D3D9CDE700224F
:1003B0001A70002EC9D053461B78502BE1D105206E
:1003C00001F0DCFA9B4901F039FD0100119804F0BD
:1003D000ADFBBAE73920103314AC12991A931B9372
:1003E0001AAA1BAB001907F021FD1B9B1A9C99460A
:1003F00001F08EF94B4606900791002B00D189E061
:100400008D4B21009C4200D88EE01900894801F0F4
:1004100015FD0023D0269B46089009933606002040
:1004200004F06CFA023000D0BBE1069B079C0899EF
:10043000099A5B185441802206930794120694424D
:1004400004D301237D4C5B420693079404240120CE
:100450000021B46101F03EF8746101F059F90827F8
:1004600004000D0006E001F053F9001BA94100292A
:1004700047DC54D073681F42F5D12024102300219B
:10048000B4611CAA58480DF013F8746114AB1A8CAF
:100490000A9F53BA3B8014AB5B8CD2BA59BADBBA11
:1004A0000B9314AB7980998C48BAB880D88CC9BAB0
:1004B00044BAFC801C8DC0BA65BA3D815D8DE4BA3A
:1004C0006BBA7B8114AB9B8DEDBA9C465BBA9846A8
:1004D0006346DBBA9C464346BB8114ABDB8D5FBAF7
:1004E000DBBA98460A9BDF81434605936346019039
:1004F000049300910B9B59460E980395029404F0C7
:1005000015FB0698079900F081FF01239B44D9450C
:1005100000D084E74946189804F008FB15E7FA2351
:100520009B009842A6D9ECE7002C00D06EE7013181
:100530006CE7D0260424360601200021B46100F0C7
:10054000C9FF746101F0E4F8082704000D0008E019
:1005500001F0DEF8001BA941002900DD2BE100D1EC
:1005600024E173681F42F3D120241CAAB461102334
:1005700000211D480CF09CFF746114AB198C0A9E7D
:100580004BBA338014AB5A8CC9BA53BAD2BA90461C
:100590003200738014AB9B8C58BADBBA994614AB0B
:1005A000B080D88C5F8D44BAF4801C8DC0BA65BA17
:1005B00035817EBA56819E8DE4BA73BA938114ABAD
:1005C000DD8DFFBA6BBA9C4613006246F6BAEDBAEF
:1005D000DA8100904B46424616980495039602979E
:1005E000019404F0A3FAB0E600C00340C0E1E400C7
:1005F00004F0034000D0034004E0034020D5001085
:10060000242800203CD500105CD5001094D50010A3
:1006100070D500105416002080D5001090D5001021
:1006200098D50010A4D50010B4D50010D4D5001072
:100630000087930340420F0088130000FFFFFF7FF5
:100640001A3B5F4C14A813991AAA18181A9407F0A9
:10065000EDFB1A99149804F069FA1A99A14200D98D
:100660002100FA235B00994200D21900554801F09D
:10067000E5FB00230C900D931B9301F049F8D02368
:100680001B0606000F009846002004F037F90230E0
:1006900000D07CE00C9B0D9CF618674180231B0664
:1006A0009F4202D30126484F76420424434601204C
:1006B0009C61002100F00EFF43465C6101F028F8C8
:1006C000082304000D00994606E001F021F8001B04
:1006D000A9410029D8DC5FD043464A465B681A42EC
:1006E000F3D12024434600219C611CAA10233748E3
:1006F0000CF0DEFE43465C6114AB1B8C0A9C5BBABB
:10070000238014AB5B8C14AA5BBA638014AB9B8C04
:1007100014A85BBAA38014ABDB8C1BA95BBAE38083
:1007200014AB1B8D5BBA238114AB5B8D5BBA638109
:1007300014AB9B8D5BBAA38114ABDB8D5BBAE381F9
:10074000234B138422230422181802F003FB2623D0
:1007500014A821001022181802F0FCFA0F9C16228F
:10076000236801219B681CA807F050FB2368986848
:1007700007F098F91B9B3000013339001B9300F000
:1007800045FE002004F0BAF8023000D182E71B9940
:10079000159804F0CBF9D8E5FA239B0098429BD931
:1007A00072E75946199804F0C1F9CEE5FA239B0087
:1007B000984200D8D5E6179804F036F9C5E5C0464A
:1007C00050C3000040420F00FFFFFF7F00C0034006
:1007D000A55A000010B54024074A83009A181268F1
:1007E000C0005440C0222240044C1B191A60044B24
:1007F000C018416010BDC04604C0014004D0014093
:10080000004001400123D02283401206936293618D
:10081000084A83009A1811684022514080320A40E9
:100820000549C0005B181A60044BC01805234360DB
:100830007047C04604C0014004D001400040014060
:100840008023DB051868000F7047C0460FB400B561
:10085000084883B004F0E8F8049B002B07D005A9F2
:100860001800019103F05CFE034804F0DDF801205C
:1008700003F06EFEE4D5001058D5001070B58C461C
:100880001600EFF3108472B60F490B68002BFCD0F2
:10089000BFF35F8F6346DB08C5180722C05C634661
:1008A0001A40012393401A000240034207D1184323
:1008B0002870BFF35F8F0A6084F3108870BD6146B3
:1008C0003000FFF7C3FFC0462C0100D0F8B5CE467C
:1008D00047468C4680B51C00EFF3108872B61C4961
:1008E0000B68002BFCD0BFF35F8FA24221D80723F7
:1008F000994602E00132944218D34946012611403C
:100900008E40D308C718C35C1E42F3D11000334396
:100910003B70BFF35F8F00220D4B1A6088F3108885
:1009200000280EDBC0BCB946B046F8BD01204042ED
:10093000EFE7BFF35F8F00230B6088F3108801207F
:1009400040426346002BEDD00898FFF77FFFC0467A
:100950002C0100D0044A1078431CDBB2172B00D9BD
:10096000102313707047C0465811002000B5054B86
:1009700083B00100009318221F230348FFF7A6FF4E
:1009800003B000BDF4D500108C2300200021044BDF
:10099000044ABFF35F8F02C39342FAD17047C04647
:1009A000000100D0800100D0084B094A1360094AB9
:1009B0001360094A1360094A1360094A1360094A1F
:1009C0001360094A1360094A136070478080808071
:1009D00000E400E004E400E008E400E00CE400E0EF
:1009E00010E400E014E400E018E400E01CE400E09F
:1009F0001F2318401E3B8340002905D0C021044A14
:100A00004900535013607047802201498B50FAE728
:100A100000E100E001228240034B1B6813405A1E94
:100A20009341D8B27047C04600E100E00123834003
:100A3000014A13607047C04600E200E0054B1030E9
:100A40009B688000C358044A00209B1A47229A42A0
:100A50004041704700ED00E05C11002010B5EFF35D
:100A6000108C72B60F4A1368002BFCD0BFF35F8F57
:100A70000D4B10309B6880001B580C4A934201D0EC
:100A800099420CD1084B9B681950BFF35F8FBFF39D
:100A90005F8F0022034B1A608CF3108810BD01F0A9
:100AA0007BF8C046240100D000ED00E0C101001039
:100AB000F0B5DE4657464E464546E0B58B4685B016
:100AC000EFF3108872B616005B4A1368002BFCD057
:100AD000B246BFF35F8F002558494D57002D00DA0D
:100AE000A8E06B00564A01935B199B00D418A779C4
:100AF00010300F7053498000896884460F58B91A26
:100B0000472933D8012039008143CE79564500D892
:100B10006AE0A1465646039307E05800C0188000DB
:100B20001018C479B4424DD901000623CB56002BCE
:100B3000F3DA081D4C46B24681460293424B4E46BC
:100B4000043CA41B2405414E640D34438C808D71FC
:100B500001994919890052189380029B3C4993716D
:100B60005346D3715B461160936017E039498F4259
:100B700060D139490127D15238490233D318043999
:100B8000CB1A324A1B055B0D13436380344BE6716D
:100B9000A380FF23A3715B462743A3606246294BD2
:100BA0009B689F50BFF35F8FBFF35F8F0022224B84
:100BB0001A6088F3108805B0F0BCBB46B246A9465F
:100BC000A046F0BDB2460E1D4C46B1468888029341
:100BD000039B4005001504334844D318C31A1B0572
:100BE0001A485B0D0343AAE79E1CB14691444E464A
:100BF0000F001C4DBF1A7F417D432D0D164FA5716F
:100C0000D752164F0433043FD318BF1BCB1A3F05EE
:100C1000043B7E0D1B050D4F5B0D3E431F435346AA
:100C2000E3715B46A3600A4BA780668004432700FC
:100C30000B60B3E700F0B0FF240100D0592800207A
:100C40005C11002000ED00E001BD000000E0FFFFAE
:100C500001488047C101001000A1FFFFA41100203E
:100C600001BDFFFFAAAA00000123034370B59C4603
:100C7000EFF30581EFF3108572B6274A1368002B56
:100C8000FCD0BFF35F8F254A0400254BA41A6441B2
:100C900063431B0D234C8900A6685BB276586645FA
:100CA00024D006215156994224D0122151569942FE
:100CB0002AD01E215156994228D02A2151569942B4
:100CC00026D036215156994224D04221515605242E
:100CD000994210D0144A117813708171BFF35F8F5D
:100CE00000220D4B1A6085F3108870BDA2680F4C6E
:100CF0005450EFE700246100091989005218FF21C0
:100D000091710B499180E5E70124F4E70224F2E7B1
:100D10000324F0E70424EEE7240100D05C11002056
:100D2000AAAA000000ED00E059280020C10100102F
:100D300001BDFFFF00B5074B83B001000093002207
:100D400005230548FFF7C2FD002801DB1F23181A01
:100D500003B000BD10D600105D280020024BC9185A
:100D6000890001607047C0464000003470B5114CE6
:100D7000114DAC420FD2FF262368002B0CD0FFF799
:100D8000E9FD01002000FFF7E9FFA680BFF35F8FB8
:100D90000834AC42F0D370BDFFF7DCFD0100200049
:100DA000FFF7DCFF2671BFF35F8F0834AC42E3D35B
:100DB000F1E7C046AC1A0020B41A002010B50400B8
:100DC000FFF7C8FD01002000FFF7C8FFFF232371D4
:100DD000BFF35F8F10BDC04610B504000120FFF7C0
:100DE000C5FD034BC01880002060BFF35F8F10BDAE
:100DF00040000034034BC91889000160BFF35F8FC6
:100E00007047C046400000340A4B1968EFF3108069
:100E100072B60A68002AFCD0BFF35F8F1B68BFF36D
:100E20005F8F00221A6080F3108840BF00200021ED
:100E30007047C04638280020F0B5DE4657464E467B
:100E40004546E0B585B0EFF3058303221A40B34B66
:100E500091005F58012393409B4602925A46884670
:100E6000AF4B1A60AF4B03935B46AF484363082315
:100E7000FE5E002E37DABB881BB2002B00DBA4E03D
:100E8000BB79002B00D0E5E00823F95E002920DBC8
:100E90004B007A695B18DB00D3189D68DC686B1C1B
:100EA00000D104E1A04801004144826A0B69AE1AF6
:100EB0009B1A9E4215D30123026A029883401A426C
:100EC0000FD0994800F01CFC8C4202DCCCD185424A
:100ED000CAD940BF05B0F0BCBB46B246A946A04641
:100EE000F0BD0D61EDE77A69730091469B19DB0057
:100EF00099444B469C68DD6800F002FC8D42BADCE8
:100F000000D1F6E0002D00DADBE04A464B4652699C
:100F10001B699246039A934200D1CCE04A460821CD
:100F2000785E528800045146104398470090019122
:100F30000099019A0B00134300D1C2E013000A008C
:100F4000002B00DBD9E020002900801A99414B4694
:100F50009860D96000229B5E002B00DA8BE75D0071
:100F60007C69EA18D200A21800949468D268A2465C
:100F70008A4200DD7FE702D1844200D97BE7082462
:100F8000A4463B81BC44009C00972F006546B446B4
:100F90003E0006E05E00F218D200A2189768D26800
:100FA000BA468A4207DC00D1B4E0F318DB00E5184A
:100FB000E35E002BEEDA66464A46009F13802E80E1
:100FC000BB881BB2002B00DA5AE73A69EFF31081B5
:100FD00072B61368002BFCD0BFF35F8F0123BE886D
:100FE0005B42BB8036B23B69BFF35F8F00221A6061
:100FF00081F31088002E00DA42E73B0008333A0004
:1010000099467D6973009B190824115FDB004846EF
:10101000EB18002913DB9C680093A446DC6806E00B
:10102000A34240D00023F95E3800002906DB4F00C0
:101030007F18FF00EF19FB68A342F1DD009B0680DB
:1010400000201E5E1980002EDCDA1700BB79002B11
:1010500000D119E70023BB710823F95E4B1C00D1B6
:1010600037E73D000835AC467C6903E084464B1CFD
:1010700000D109E74B005B18DB00E0180A00E15ED5
:1010800043881BB2002BF1DA01256D42EE17856013
:10109000C66008257B5F9342E9D0634619803B898F
:1010A00003803A81E3E7BB686345BBD9C6E7631CAD
:1010B00000D0F7E605E7534650461B6998470028DD
:1010C00023D14B461B883A693B81EFF3108372B6FC
:1010D00011680029FCD0BFF35F8F49467A880A80E7
:1010E0003A697E80BFF35F8F0021116083F310881F
:1010F000C1E6844200D805E7BDE60B4800F000FBDE
:10110000009B019CC018614121E753460CCB009223
:1011100001930DE7824500D847E74CE70C280020F3
:101120003C700540390E00100040054070B52D4C54
:101130002569002D04D00A212B48FFF70FFE70BD52
:101140002A4E0321294800F0D1FAE660FFF702FC9D
:10115000274B0322C018D02322701B061B680121D5
:101160006370244B8000A3600F2320610220638002
:1011700063694942A18019800231198647311D8374
:10118000585218315A5275325C399952183201311D
:101190009952183201319952183201319952083559
:1011A00018329D5202311832995218320131995237
:1011B00018320131995218320131995218320131E5
:1011C00099521832013199520B4B0C49DC600130B5
:1011D0003562FFF743FC01210320FFF709FC084BB0
:1011E0001D60A8E7C81100203828002000400540F5
:1011F00040000034FFFF10000C280020390E0010C2
:101200003860054000487047C8110020F8B51F003D
:1012100008AB1B7804001600002B07D100F078FA09
:1012200032003B00121A8B41002B51DB2269EFF395
:10123000108C72B61368002BFCD0BFF35F8F0223B3
:10124000E15E256900293ADB4B0060695B18DB0031
:10125000C218C35A6380BFF35F8F00232B608CF3E7
:101260001088069B9660D7601361079B5361538873
:1012700001335B045B0C181C002B1ED083B2508022
:10128000080418432569EFF3108672B62B68002B0B
:10129000FCD0BFF35F8FA3881380A1802369BFF3C5
:1012A0005F8F00221A6086F31088237801329A40FB
:1012B0000849E3685B181A60F8BD0120DEE7BFF358
:1012C0005F8F00232B608CF3108801204042F3E7EE
:1012D0000020F1E73C20000070B582B0009201933D
:1012E00001000269EFF3108472B61368002BFCD082
:1012F000BFF35F8F0223C85E0D6900283FDB4A6998
:10130000430016001B18DB00D218F35A4B80BFF3C2
:101310005F8F00232B6084F31088069B1361079B6B
:101320005361009B019C9360D460538801335B043C
:101330005B0C1D1C002B20D0ACB203045580234352
:101340000D69EFF3108C72B62C68002CFCD0BFF343
:101350005F8F8C88148088800A69BFF35F8F0020BC
:1013600010608CF310880A7801309040CA680849F0
:1013700052181060180002B070BD0125DCE7BFF301
:101380005F8F00232B6084F31088013BF2E7C04697
:101390003C20000010B543890A1493421ADD530023
:1013A0009B184269DB00D3180469EFF3108C72B606
:1013B0002268002AFCD0BFF35F8F5A88090494B2D8
:1013C000090C8A4208D00369BFF35F8F00221A60BC
:1013D0008CF31088002010BD094A22435A80012353
:1013E00002698371BFF35F8F002111608CF3108855
:1013F000027804499340C268012052181360EAE75A
:101400000080FFFF3C20000040787047F0B50600E8
:101410000F0006246442E517A4197D4183B08D4274
:1014200012D80FD000F074F922002B00121A8B4151
:10143000002B13DC002B41D03000390000F0A8F95C
:1014400003B0F0BD8442EDD90024002500F060F91E
:1014500022002B00121A8B41002BEBDD00F058F913
:1014600022002B00121A8B41002B0ADB0023019370
:10147000144B2200009314482B00FFF72DFF01307E
:10148000DAD02900114A1248536A994204D8956A61
:10149000A542D1D29942CFD10568EFF3108C72B634
:1014A0002B68002BFCD0BFF35F8F0368BFF35F8F07
:1014B00000251D608CF3108820BFE5E7002ABBD013
:1014C000CCE7C046090E0010C811002000400540BE
:1014D00038280020F0B5C64600B582B004000D00E3
:1014E00000F016F924184D41002D02DA01242F4D89
:1014F000644206267642F71736196F41AF4214D878
:1015000011D000F005F932003B00121A8B41002B7C
:1015100015DC002B46D02000290000F039F902B07C
:1015200080BCB846F0BDA642EBD90026002700F0EB
:10153000EFF832003B00121A8B41002BE9DD00F07E
:10154000E7F832003B00121A8B41002B0ADB002324
:101550000193174B3200009316483B00FFF7BCFE87
:101560000130D8D000233900B0469C46124A1348B7
:10157000536A994204D8966A4645CCD29942CAD158
:101580000668EFF3108772B63368002BFCD0BFF308
:101590005F8F0368BFF35F8F66461E6087F3108816
:1015A00020BFE5E7002AB6D0C9E7C046FFFFFF7FAE
:1015B000090E0010C8110020004005403828002006
:1015C000F0B5CE46474680B504000D0085B0EFF378
:1015D00005838946002B32D1404E336883422AD09E
:1015E0003F4FFB683A7898461800039200F088F85D
:1015F000039A131D42469B009B5822001B1A9C46CF
:101600002B00121A8B411900002310008B4225DC9D
:1016100022D020BF334B586A48452BD3401B9A6ACF
:10162000431E98410023A2425B41184305B0C0BC51
:10163000B946B046F0BD73688B42D1D1E9E729497C
:1016400000204B6AAB42F1D38A6A5B1B591E8B4167
:10165000A24240411843E9E78445DAD900F058F83E
:1016600022002B00121A8B41002B05DA1D4A536A07
:101670004B4529D20020D9E7002301931A4B2200C1
:10168000009338002B00FFF727FE0028EEDD154BF6
:1016900030C65A6A4A4515D39B6AA34210D301004B
:1016A0003800FFF777FE0F4A0020536A4B45BDD341
:1016B000926A5B1B591E8B41A24240411843B5E719
:1016C0004A45ECD120BFEAE70020926A5B1BA242A8
:1016D00040415A1E93411843A8E7C046C01100205C
:1016E000C811002000400540090E001010B5024A44
:1016F0000248FFF7C3F810BD2CD60010902300203D
:101700000300416A0A00986A596A8A42FAD170470E
:10171000034B596A0A00986A596A9142FAD1704794
:101720000040054070B505000E00184A536A1900C4
:10173000946A536A8B42FAD1200019002C003500BC
:1017400024184D41AB4216D813D0104B2A005B6AC7
:101750009D4203D90D494B6A9342FCD3934207D172
:101760000A4A02E0516A994202D1916AA142F9D330
:1017700070BDA042E9D9054B5B6A1C005A1CEFD032
:10178000012201246442E5175242E3E7004005408C
:10179000064A536A9942FCD807D1044B02E05A6AC0
:1017A000914202D19A6A9042F9D8704700400540B0
:1017B000F8B5DE464E4645465746E0B505008B4631
:1017C00018000A99914600F039FB0A9B6C001E0232
:1017D0006419304BA400E418636880469E4200D927
:1017E00066602F1FFBB29A46012B2FD9C02380229F
:1017F000294FAD009B0179591201E3181A600029A5
:101800001BD14B4622685B015340E02213408022EB
:101810005201A21813605346012B2FD98023802236
:101820009B01E31812011A60434666607B51F0BCCD
:10183000BB46B246A946A046F8BD786900F0FEFA5C
:10184000013043001B18033BFDD2DAE75B46012B56
:10185000CCD1C02303229B01E3181A60023AA3688B
:101860001A42FCD04A46236852015A40E0231340F2
:1018700080225201A218084F1360AD00584603237E
:10188000216841400B40136001228240A3681A4244
:10189000FCD0C3E70080004094230020F0B5D6467A
:1018A0004F464646440098462418324BA400E4189C
:1018B00063688A469146C0B5FF2B02D880235B003F
:1018C0006360061FF6B2012E2FD9C02380222A4F53
:1018D00085009B0179591201E3181A6000291BD178
:1018E0004B4622685B015340E022134080225201A4
:1018F000A2181360012E30D9802380229B01E318A7
:1019000012011A6080235B00636043467B51E0BC98
:10191000BA46B146A846F0BD786900F08FFA0130AA
:1019200043001B18033BFDD2DAE75346012BCCD111
:10193000C02303229B01E3181A60023AA3681A42EB
:10194000FCD04A46236852015A40E02313408022CB
:101950005201A218084F13608500504603232168E6
:1019600041400B40136001228240A3681A42FCD020
:10197000C2E7C0460080004094230020014B800055
:10198000C058704794230020F0B5C646040000B547
:101990002348160098460D0000F050FA0100300070
:1019A00000F04CFA4346069A1B04120313439C466C
:1019B00023680600002B22DB1A4B1B48E218531E3B
:1019C0009A4180235242120B9B011203D218174BEB
:1019D0001A60174B1A60130001688B43FBD1212258
:1019E000144B2560E318A6601A602268002AFCDA0E
:1019F0006246E26008221A6080BCB846F0BD3F2310
:101A000022681340AB42D7D1A3681B051B0D83424C
:101A1000D2D1EE22E368D20213406345CCD1EBE78A
:101A2000001BB7000040FDBF08C0004000E00040C0
:101A300000F000400430000010B580241C4BE40589
:101A40001C6000281AD001231A4C18431A4BDC6181
:101A50001A4C44401C62596298628021144BC9059B
:101A60001960174817490860E021C9041960002A65
:101A700007D18022144B12061A6010BD0E4BD8619C
:101A8000EBE753019B1A9B009A18802312015B0419
:101A90009A4209D213000D490B60074B5A6080220D
:101AA000094BD2051A60E8E7094B1A00F3E7C04674
:101AB00000B00540D3C007B0008005402D3FF84F6F
:101AC000FCFF01000820014000A00540FC27002089
:101AD000FFFFFF008023024A9B000B43D362704745
:101AE00000800540002310B50100988A1B8B9847A1
:101AF00010BDC046162310B5010018885B889847B2
:101B000010BDC046F8B54746CE4680B50F1E18D06A
:101B100014239946043304000025012698464B46B9
:101B20001888434621681B88984701C4431E984182
:101B300001350640AF42F2D13000C0BCB946B046D4
:101B4000F8BD0126F8E7C046002370B504000D007B
:101B5000988A05491B8B984703000020002C01DB65
:101B60000130A0402900984755420000AA23064AA8
:101B70001B0113608D235B00D3600449044B196083
:101B80005368002BFCDA70470040024000B0FA00B6
:101B9000006002407047C04610B50148FEF756FE8F
:101BA00050D6001070B5074D074EB54209D200243B
:101BB000013E761BB608013608CD01349847B44281
:101BC000FAD170BDE0D400101CD50010054B064AB8
:101BD00006491A60064A074B1A6010000B689843C2
:101BE000FBD1704700E00040BFCDFBFE08C00040C5
:101BF000FE7F3C0000F00040044BDB6C002B03D167
:101C00008022034BD2021A607047C0460000115078
:101C10004C201150044A054B1A60054A1368DB0139
:101C20008033FBD17047C046FFFFFF0100F000404A
:101C300008C000404022034B9A675A671A67DA6669
:101C40007047C04600F0014010B5FEF79FFE10BD82
:101C500070B52749274E284D761AB4082200302C3B
:101C600000D930222800920001F074F82F2C3BD8C4
:101C700023002A3B214A052B1BD93020AE197107BE
:101C8000001B2600CB0F002902DAA1006A50661C57
:101C9000C01AE3189B004108EB18C900C9181A6064
:101CA0005A6008338B42FAD1012303421CD0984377
:101CB0008419A300EA50631C2F2C15D09B00EA5016
:101CC000A31C2E2C10D09B00EA50E31C2D2C0BD013
:101CD0009B00EA50231D2C2C06D09B00EA50631D6C
:101CE0002B2C01D09B00EA50054B9D6070BDC04677
:101CF00000010010C001001000000020C101001010
:101D000000ED00E0002310B5294C82B0A367FFF777
:101D10002DFF0122274B1A60636C012BFCD103229B
:101D2000254B1A60224A936B012BFCD1013300939F
:101D30000121224A22480433FFF726FE0523012110
:101D40000093204A2048FFF71FFE002202210420B2
:101D50001E4BFFF7A3FD0022012105201C4BFFF7BE
:101D60009DFD0022002107201A4BFFF797FD00225E
:101D700000210820174BFFF791FD8023DB00009323
:101D8000002200210920134BFFF712FD0022104B07
:101D900000210620FFF782FD0420FFF7EFFD0E492A
:101DA00000F04CF801000020FFF794FE02B010BDD7
:101DB000008000403CB0004030B00040002F685927
:101DC00000800240008C864700C00240001BB70024
:101DD00040597307006CDC0240420F0001480421A7
:101DE000014B1847E0110020051B0010124A936FA9
:101DF0009B0815D29066D166002905D0FFE7FFE762
:101E0000FFE7516F106F704704B580210906C217B4
:101E10005140002800D0C8430BF03AFB002104BD1C
:101E2000F0B5146E556E576F166FFFF7E3FF14662B
:101E3000556657671667F0BD000000D0114A936FD2
:101E40009B0813D210665166002905D0FFE7FFE713
:101E5000FFE7516F106F704704B5002801D00020D4
:101E6000C0430BF015FB002104BDC046F0B5146E55
:101E7000556E576F166FFFF7E5FF14665566576787
:101E80001667F0BD000000D094464A4A926F92084F
:101E9000624601D228E0C046F0B5464E346E756EFB
:101EA000776F366F00F020F89446424A1466556604
:101EB000576716676246F0BD94463E4A926F920895
:101EC000624601D254E0C046F0B53A4E346E756EAB
:101ED000776F366F00F04CF89446364A14665566B4
:101EE000576716676246F0BD002B24DB11D000292E
:101EF0003EDA00B5C943404200D1013100F038F864
:101F0000C943404200D10131DB43524200D1013389
:101F100000BD002AEBD1002801D1002905D0002006
:101F2000C90FC90701D1C043410800B50BF0C8FA79
:101F30000022002300BD00B500290ADBDB4352422A
:101F400000D1013300F014F8C943404200D10131FF
:101F500000BDC943404200D10131DB43524200D1B0
:101F6000013300F005F8DB43524200D1013300BDDC
:101F7000002923D1002B18D1002A0CD0BC460D4FCC
:101F800038667A6600210023FFE7FFE7FFE77A6FF4
:101F9000386F67467047002801D00748010000B538
:101FA0000BF08EFA0022002300BD02000B0000207F
:101FB00000217047000000D0FFFFFFFF002B00D082
:101FC000BFE0130C28D1002AE7D080B4114F396646
:101FD0007A66FFE7FFE730B4040C7B6F396F1B04B0
:101FE00023433B667A66FFE7FFE7FFE7C04684B21C
:101FF0007B6F3D6F1B0423433B667A66FFE7FFE779
:10200000C04600232C042D0C7A6F386F00196941EB
:10201000B0BC7047000000D0F0B594460025140E07
:1020200001D112020835140F01D112010435940FA9
:1020300001D192000235D40F01D152000135D40BE9
:102040000134254F7C66254C3C660E0C93B2FFE7AD
:10205000FFE7FFE73C6F6643360C7703BE467343EA
:10206000DF0B5B04C01AB941130C7343DB18C91AA8
:10207000CE086643360CB64493B273431F0F1B0160
:10208000C01AB941130C73431F0B1B05C01AB94189
:10209000860D8F023E436643360C092D24DB520A1F
:1020A0007243801A7703460A6643360C16235B1B7D
:1020B000DE40DF40BF1964466643821B704604352C
:1020C00006330100D940A840C01900D30131A24213
:1020D00006D20023F0BD0000000000D0FFFFFFFF8C
:1020E000121B0130F3D3F1E709277F1BFE40644642
:1020F000A2B27243801A00D20139220C7243130C2F
:102100001204821A99410B007046043513370100FE
:10211000F940A840801900D30131002B02D1A2421E
:102120000AD2F0BD013000D30131121BFAD2013BBB
:10213000F8D1A24200D2F0BD013000D30131121B10
:10214000F7E7F0B51C0C00D080E00CB400251C0AA9
:1021500004D11B02160E3343120208351C0B04D1A6
:102160001B01160F3343120104359C0B04D19B0055
:10217000960F334392000235DC0B02D192185B417B
:1021800001351C00971864410134464F7C66464C6B
:102190003C660E0CFFE7FFE7FFE7C0463C6F664377
:1021A000360C7703BE4697B27743C01B00D2013985
:1021B000C01B00D201399FB27743C91BC91B170C42
:1021C00077437E04FF0B801BB941CE086643360C73
:1021D0000C2D33DBB644120B1F053A431B0B97B291
:1021E0007743C01B00D201399FB27743C91B170C3C
:1021F00077433E043F0C801BB941860D8F023E435E
:10220000664329277F1BFE400C3D7746AF40BF1930
:1022100030BCA2B2ABB272437343801A9941220C14
:102220007243130C1204801A994102000B0001370B
:10223000001BA941F9D2781E0021F0BD0C277F1B9D
:10224000FE4077467F0BAF40FF19E0E700245D1C9E
:1022500007D0144F7D663966FFE7FFE7FFE7FFE72A
:102260003C6F95B29EB265436643401BB141150C6D
:102270001E0C6543664336042F0C3E432D04401B61
:10228000B141994204D202000B0020000021F0BDB0
:1022900001D19042F7D3801A994101349942F2D387
:1022A000F6E70000000000D0FFFFFFFF484041407C
:1022B000484018B41B4B5B68FC46019308BD04DF23
:1022C000EF25001018B4174B1B68FC46019308BD9E
:1022D00000DFF92500109446134A926F920809D244
:1022E000624618B40F4BDB68FC46019308BD0CDF57
:1022F000B12800100C4AF0B5146E556E576F166F6A
:102300006246FFF7EEFF084A146655665767166780
:10231000F0BD18B4034B9B68FC46019308BD08DF71
:1023200055270010081D0020000000D0FFB55040C8
:102330004240504059404B40594000E0FFB5154FD6
:102340004C00640D03D0BC4204D10C0314D800200F
:10235000090D09055C00640D03D0BC4204D11C03C7
:102360000AD800221B0D1B0501264B4009D44B4007
:1023700003D58B4200D18242FFBD9942FCD19042ED
:10238000FFBD0B43DB1803431343F5D0C943491882
:10239000FFBD0000FF07000000B5FFF7CFFF01D031
:1023A000002000BD012000BD00B5FFF7C7FF804140
:1023B00000BDC04600B5FFF7C1FF01D9002000BD38
:1023C000012000BD00B5FFF7B1FF01D9002000BD1D
:1023D000012000BD00B5FFF7A9FF804100BD01202D
:1023E00040054A00121804D85A00121801D80020DB
:1023F00070470120704700000021002805D1704778
:10240000C1174840401AFAD0C90713B5064B1B68DC
:1024100098470CBC441CA2401005120B0349091B31
:1024200009051943114310BD342800201F04000082
:1024300010B54C00620D8023D218DB00D21A5B0568
:102440007E2A10DD9E3A13DACC1709034908194396
:102450005242D140640001341532202A05DAD040BE
:102460000843604310BD002010BD0846604310BD06
:10247000C80FC018013810BD18B4044B5B6AFC4685
:10248000019308BD24DF612A00100000081D002010
:1024900018B4044BDB6DFC46019308BD5CDF6D2B6B
:1024A00000100000081D0020C94211D300B54900EA
:1024B0004908002200F018F8002904D40022404204
:1024C0008A41114600BD80210906002000BD0000A0
:1024D00018B4044BDB6EFC46019308BD6CDF6F2A19
:1024E00000100000081D002018B4044B9B6FFC4630
:1024F000019308BD78DF8B2A00100000081D002022
:1025000018B4044BDB6FFC46019308BD7CDFF92A4D
:1025100000100000081D0020132370B51D78012D48
:1025200019D014DD1F48FFF7E5FA06001E48FFF733
:10253000E1FA1E4C80223100200000F00BFC022D3D
:102540002DD01B48FFF7CEFA1A4B186070BD1A4BFE
:10255000164CA364F5E7184B144C23606360A3602A
:10256000E36023616361A361E36123626362A36249
:10257000E36223636363A363E36323646364A36429
:10258000E36423656365A365E36523666366A36609
:10259000E36623676367A367E367A364D1E7064B3A
:1025A000A364CEE75344000053460000081D0020FA
:1025B0004C33000034280020BD25001007B56046CC
:1025C00001880A0A0230DF2AFAD1C9B2820804D38C
:1025D000028840880004104300E00068014A50501F
:1025E000039007BD081D00200FB403BC0CBCF0B560
:1025F0000124E407634000E0F0B50C0DCF0F661E28
:102600003605891B640503D3C943404200D3013119
:10261000640D03D0661CF60A07D0E41B00207F007F
:10262000791C89078912803C24031D0DDF0F6E1E63
:1026300036059B1B6D0503D3DB43524200D30133A8
:102640006D0D03D06E1CF60A07D0ED1B00227F0033
:102650007B1C9B079B12803D2D032F1B661B58D4B0
:10266000A446202E46DA20371400BC401D00BD4091
:10267000F24033412A4380185941CB0F05D0C9435A
:10268000C043002264425041514162464D0D28D161
:102690000D0D07D100281FD0241940414941013AAE
:1026A0000D0DF9D0640006D3013000D30131002CA8
:1026B00001D140084000013A0BD4941CE40A04D133
:1026C00012051144DB071944F0BDD907204B19430B
:1026D00000E0D9070020F0BD0029DDD1002CDBD1BE
:1026E000F0BD0132C6074008CD0728434908002E37
:1026F000E1D0D9E73C2E29DA203E40371400BC4017
:1027000000D00124F24014431A00BB401C43D317ED
:10271000ACE7AC46202F08DA20360400B4400D00A8
:10272000B540F84039412843A5E73C2F0CDA203F5B
:1027300040360400B44000D00124F84004430800AF
:10274000B1400C43C117EAE710001900002494E7D8
:102750000000F07FF0B50C0D661E3605891BE60AF9
:102760006405640D02D0651CED0A04D0002001212F
:102770000905803C2403A4461C0D671E3F05DB1B96
:10278000E70A6405640D02D0651CED0A04D000223E
:1027900001231B05803C24037740644497B484B232
:1027A00096B27443070C7E43150C6F4380B26843A6
:1027B000361802D3012000043F183004350C0019EC
:1027C0007D41844688B29AB250430C0C62431F0C80
:1027D0007C438EB27E43921902D301263604A4199B
:1027E0001604170C3618674101BC81B29AB25143E6
:1027F000040C62431B0C5C4380B25843121802D392
:102800000120000424181004130C401863412D18F3
:102810005E410020474106BC88B293B258430C0C7D
:102820006343120C544389B251435B1802D3012114
:102830000904641819041A0C091862416D185641EC
:102840000020474118BCF902720D1143F0026A0DD5
:102850001043ED020A0D03D16D1940414941013B7E
:10286000124E9B1B7600B3420ED26D0007D301308F
:10287000002671416646354301D1400840001B05E2
:10288000C918E4072144F0BD0BDA013306D1013049
:1028900004D101314F0D01D04908F2E7E1070020D2
:1028A000F0BD013631050020EBE70000FF0300001A
:1028B000F0B51C0D671E3F05DB1BE70A6405640DC0
:1028C00002D0661CF60A04D0002201231B05803CBE
:1028D0002403D0252D060026F6432E661E096E66BB
:1028E000CE0FF619B44649004F0D02D07E1CF60AF1
:1028F00003D000200021403F3F033E1BB600B444FC
:10290000013F7F05C91B49082E6F013676089C02DE
:10291000950D25437543ED137543AD1301356D10CA
:10292000F603761B0CB4CC02450D2C43A2B2B3B215
:102930005A43270C7B43350C6F43A4B26C431B19DD
:1029400002D3012424043F191C041D0CA4187D414A
:1029500024196D41009A91B2ACB26143170C7C43CB
:102960002B0C5F4392B25A43A41802D301221204E3
:10297000BF182204230C52187B41019C6C431B1985
:10298000520ED9010A434401A01A81B2B2B2514396
:1029900003145A43360C734387B27743D617D219C0
:1029A00000277E4136049B191704160C7F185E41E0
:1029B0007316ED18F301002680337541A90F06D177
:1029C0006400690AE8055B0A184309D22FE0042273
:1029D000944480337541A90AA8059B0A184326D35D
:1029E000404149412404009A019B0D005543641B5A
:1029F0004343E41A95B286B27543170C7E43030C29
:102A00005F4392B25A43B61802D301221204BF1890
:102A10003204330C52197B4152429C41002C02D4A7
:102A20000022013051414008CA071043490802B052
:102A30006246D7079210084BD218084B9A4203D22D
:102A400012058918C919F0BD0020002A01DC3900DF
:102A5000F0BD01331905F5E7FD030000FE07000096
:102A6000002200B5203200F010F8080000BD00225E
:102A700000B500F00CF8CA179A4200D100BDD84347
:102A80000121C907414000BD00220B150AD410B531
:102A9000944600F0A7F81414013400DA0021CB1793
:102AA000144C20470020002170476244343A0CD473
:102AB0000C2A07DA04009140904052422032D44060
:102AC000214310BDD843D94310BD203207D40C4652
:102AD0009440524220321141D040204310BD0800A2
:102AE000C917203203D452422032104110BD1800C1
:102AF000190010BDAB2A00104A00520D144BD21A17
:102B000013DDFF2A1EDAD205CB0FDB071A43C30001
:102B1000400F0903490A084310435B0001D301D069
:102B2000013070474308FBD2704702D0C80FC0077E
:102B300070470A0312130132F8D1420F072AF5D168
:102B4000012200E0FF22C80F00028018C005704774
:102B50008003000000210A00002104E000210A0097
:102B6000C11704E00022002306E0C0460022CB1774
:102B700058405940C01A994130B5184CA21A002942
:102B800003D1010010D00020203A4C1512D104D2FC
:102B9000013A001849414C0DFAD3114CA24204D21B
:102BA00012058918DB07C91830BDD243520D002029
:102BB0000021F5E703D4013A00184941FBD50B3257
:102BC0004405C00A4D052843C90A640003D0002407
:102BD00060416141E1E7E0D34408F8E732040000D6
:102BE000FE0700000A0DCC0F531E1B05C91A520523
:102BF00003D3C943404200D30131520D03D0531CCB
:102C0000DB0A07D0121B00206400611C89078912AF
:102C1000803A1203014BD21A70470000FF030000F4
:102C200051434343C9188C46110C83B24B4310B433
:102C3000040C614392B280B2504362431C041B0CEB
:102C4000001910BC59411304120CC01851416144C1
:102C500070470000132310B51C781348FEF74AFF95
:102C6000012C0BD004DD01008022104800F072F826
:102C70000F48FEF737FF0F4B186010BD0B4C0100DB
:102C80005422200000F066F80B4B6365A365E365F2
:102C900023666366A366E36623676367A367E367E8
:102CA0002362E361E4E7C04653460000081E0020AB
:102CB0004C33000034280020BD2C001007B56046BE
:102CC00001880A0A0230DF2AFAD1C9B2820804D385
:102CD000028840880004104300E00068014A505018
:102CE000039007BD081E002010B5040004F08EF903
:102CF000002804D0034B04199C4200D810BD0248A0
:102D0000FDF7A4FD000004205CD6001010B50C00F7
:102D100004F052FC002804D0034B04199C4200D854
:102D200010BD0248FDF792FD000004205CD60010A3
:102D300010B504F075F910BD01480421014B184786
:102D4000F0110020051B0010014B1B681847000004
:102D5000F0110020014B5B6818470000F0110020C3
:102D60009A4200D2885470477047C046F8B5DE4694
:102D700057464E464546E0B599460D9B07008846A6
:102D800093469B0728D00B9B002B3CD016000B9C36
:102D90000A9D3619321B013C4B464146285DB84717
:102DA000002CF7D135000D9B9B070ED55B46EC1A26
:102DB0000C9BA34209D91E002A004B464146202005
:102DC0000134B8470135B442F6D32800F0BCBB4605
:102DD000B246A946A046F8BD0B9B0C9A934214D26A
:102DE00013005D460C000B9A9E1A76192A004B467A
:102DF000013521002020B847B542F7D10B9BA046F2
:102E0000002BC4D1E1E71500CDE75E46002BBED113
:102E10005D46DAE7F0B54F46D6464646C0B584B0C3
:102E20009C460EAB1F78129B9146BA460D9C109E95
:102E3000119D9B074CD4002D41D1B44248D20123AF
:102E4000129F1F40B8460C9B5F1E302303E00134E5
:102E50003B55A64201D9202CF9D14346002B00D185
:102E600087E00C9B5F1E3023A54204D830E001347C
:102E70003B55AC422CD0202CF9D1129BDB060DD552
:102E8000129B5B0557D4A64267D0A54265D00F9B25
:102E9000102B53D0022B5BD0202C36D12023129C38
:102EA00001930C9B4A460093039463460295FFF7F7
:102EB0005DFF04B0E0BCBA46B146A846F0BD0123B0
:102EC000129A13409846012313422DD1B442BAD32B
:102ED000129BDB061ED5129B5B05D8D4002CD2D1E9
:102EE0000F9B102B60D00F9B022B71D0302301243D
:102EF0000C9A13705346002B11D1129B5B0740D5DF
:102F00002B260C9A631C1655C9E723000134302682
:102F10000C9AD654202CC1D05346002BEDD02D2630
:102F20000C9A631C1655BAE7002F34D0013DB44209
:102F300000D288E795E70F9B102BAFD1129B9B0621
:102F40003CD5202CAAD058230C9A13550134A3E762
:102F5000202CA3D02300013407E0631E012CBFD036
:102F60000F9A102A36D0022AD1D162260C9AD65452
:102F700092E7129BDB06CDD5129B5B0500D482E75E
:102F800085E7129A2300160700D488E720260C9ABA
:102F90000133165583E70C2313405F1EBB41ED1A26
:102FA000B44200D24FE75CE7129B9B060ED4782315
:102FB0000C9A02241370302353709BE7202C00D10D
:102FC0006CE778230C9A1355013465E75823EFE733
:102FD0006033EDE70C9AA61EB618129A920602D537
:102FE0005822327093E77822327090E710B50028AB
:102FF00000D110BD01F0CEFCFBE7C04610B50028A3
:1030000003D04A680B681100984710BDF0B54E46D2
:10301000DE4657464546E0B595B08346894692461A
:1030200098461E9A1F9B10001900209EFFF7D7F9A3
:10303000002800D0D2E11E981F990122C44B5242B1
:10304000FFF7B2F9002800D001E11E981F99012274
:10305000C04B5242FFF7BEF9002800D0D6E01E98C0
:103060001F990022BC4BFFF7B5F9002800D0B5E04E
:103070001E981F990022B94BFFF796F9002800D03F
:10308000ACE01E981F9900220023FFF78DF900285D
:1030900000D0D1E000230B93229B5B0500D40626D1
:1030A0000024302306E006AA013417321355013EEE
:1030B000202C01D0092EF6D81E981F99FFF7B8F9D9
:1030C000A74BF2009B180CCB050008920993FFF761
:1030D00097F902000B001E981F99FFF7EAF8089A6B
:1030E000099BFFF716F906900791FFF7C5F907004E
:1030F000FFF782F902000B0006980799FFF7D9F84D
:103100000022984B06900791FFF764F9002800D140
:10311000E9E001373800FFF76FF902000B0008986B
:103120000999FFF747F9002801D000270135002E43
:1031300000D1B7E0069513E0172306AA9B180A21D1
:10314000380001341D19FEF779FE3031297038003E
:103150000A21013EFEF772FE092F00D8E1E00700C8
:10316000202CE9D1069D20240CAB0693172706AB33
:10317000FF180DE028000A21FEF738FE0134303137
:10318000280039550A21FEF731FE051E00D1B7E0AF
:10319000202CEFD10323229A1340012B17D1219B1E
:1031A000002B14D00B9B002B00D1E3E0219B013BB3
:1031B0002193202B0BD93023219A06E006A9013454
:1031C00017310B55944200D3A0E0202CF6D1229B5E
:1031D00001940393219B0293069B21E0229B52467C
:1031E0000493219B4946039358461E9B1F9C0296BD
:1031F00000930194434600F043F90400200015B009
:10320000F0BCBB46B246A946A046F0BD229B5B0778
:103210000FD40322544B22990192039121990291D8
:1032200000935246434649465846FFF79FFD040027
:10323000E4E704224D4BEEE71E9A1F9B002000217D
:10324000FFF737F801231E901F910B9324E7022309
:10325000229A54461A40229B06929B0700D1ACE06A
:103260002600434D08942F1F3200E8784346494614
:10327000013DD8470136BD42F6D1089C069B043477
:10328000002BBBD05746219AE31B9A42B6D91500B2
:1032900022004346494620200134D847E31BAB4275
:1032A000F6D3ABE72800FFF7ABF802000B001E983F
:1032B0001F99FEF7FEFF2B4B002206000F00FFF7C1
:1032C00073F80CAB0693002800D04FE700223000C3
:1032D0003900244BFFF77EF8002800D046E7012391
:1032E00001359D4342E70022069807991D4BFFF7E1
:1032F0005BF8002800D01AE7002F59D1013716E7F4
:103300000323229A1340012B00D1A6E0202C00D1E8
:103310005DE70B9B002B3AD02D23069A1355013401
:1033200055E7069D202C00D11DE73023361906E015
:1033300006AA013417321355202C00D113E7A642F8
:10334000F6D12E230CAA0134069293550EE7C046FF
:10335000FFFFEFFFFFFFEF7F65CDCD4165CDCDC115
:1033600088DB00100000E03FB4D60010ACD600109F
:10337000BCD600100C23229A134257D0219B013B4C
:103380002193A34200D916E7202C00D11FE7229BEE
:103390005B0704D52B23069A1355013417E7229BAC
:1033A0001B0700D413E72023069A135501340EE7B8
:1033B000FB0700D4BBE60137B9E6219B042B00D8FC
:1033C0004EE755464F46043CE4182A004346013573
:1033D00039002020D847AC42F7D141E70227229B91
:1033E00055461F409B0726D006975F46234EEC1C90
:1033F0002A00B078434649460135B847013EAC4201
:10340000F6D1069F002F00D1F8E65746219AE31B1C
:103410009A4200D8F2E61500220043464946202091
:103420000134D847E31BAB42F6D3E7E6219BA34226
:1034300000D9C0E6CBE6219B032BD5D9069754468D
:103440004F46033DED182200434601343900202049
:10345000D847A542F7D1069FC6E7219B002B00D194
:1034600054E70B9B002B85D0219B013B21939C4271
:1034700000D2A0E6202C00D04EE7A8E6B8D6001077
:10348000F0B54546DE4657464E46E0B59BB0249C17
:10349000259D824688469346994622002B002000AF
:1034A0002900FEF79CFF002800D0C1E00122200087
:1034B00029007C4B5242FEF78DFF002800D0B7E078
:1034C000012220002900784B5242FEF76DFF0028B0
:1034D00000D0ADE00022002320002900FEF764FFA9
:1034E000002800D0BBE10894099508980999802329
:1034F000289ADB001A400F928022289E1201164063
:1035000032000E96289E0F000A901E4200D0A4E0C2
:103510000B00034300D0CBE0002A00D012E23200BF
:1035200006332693022313400C930223134200D048
:103530000AE2279B042B00D215E200270426043B55
:103540000E930022002320002900FEF72DFF002803
:1035500000D0C8E1554B289A134004930E9B039367
:10356000269B0293089B099C0093019441464B467D
:103570005A465046FFF74AFD02002020289B0025AE
:10358000034059424B415B421840531C089341464B
:103590004B464530D047FB17FC185C40FB0F1F27FC
:1035A0000A93731E0E930AABFF1806E020000A214F
:1035B000FEF744FC0400202D08D00A212000FEF76D
:1035C0003DFC013530317955092CEFD805230693A0
:1035D0000E9B56460593002304930A3303930A9BDC
:1035E0004146029312AB009330004B46089A019576
:1035F000FFF710FC0C9B002B28D05F46279BC41BB9
:10360000A34223D982461D003A194B464146202049
:103610000134B047A542F7D850465946279C421A74
:1036200001320023944200D395E1013018180DE0D7
:10363000289B009401950493279B0393269B029358
:103640004B465A4641465046FFF7E0FC1BB0F0BCE3
:10365000BB46B246A946A046F0BD01432AD10E9B07
:103660003200002B00D15DE70027269B0026BB42DD
:1036700000DD82E10022002320002900FEF794FEF5
:10368000002800D04BE1289B084A02961A4080236C
:10369000DB0013430493279B0393089B099C00932F
:1036A0000194CDE7FFFFEF7FFFFFEFFFFFF7FFFF85
:1036B00006232693B24B7800400DC018FEF7A0FEFB
:1036C000B04AB14BFEF725FEB04AB14BFEF7FAFD0A
:1036D0003F03B04B3F0B3B430C900D9100220A98E7
:1036E0001900AD4BFEF7E5FDAC4AAD4BFEF711FE00
:1036F00002000B000C980D99FEF7E4FDFEF798FE12
:103700000700FEF77DFEA74AA74B0A900B91FEF734
:1037100000FE0022A54BFEF7D5FDFEF789FEA44A68
:1037200006000A980B99A34BFEF7F3FD0A900B9144
:103730003000FEF765FEA04AA04BFEF7EAFD02004E
:103740000B000A980B99FEF7B4FD02000B000A90DB
:103750000B91FEF7DEFD0C900D910A980B9902007B
:103760000B00FEF7AFFD0022109011910C980D99FF
:10377000934BFEF7B0FD0022924BFEF7A3FD020033
:103780000B000C980D99FEF7A6FD00228E4BFEF75C
:1037900099FD02000B000C980D99FEF79CFD0A9A0A
:1037A0000B9B0C900D9180210020C905FEF781FD37
:1037B00002000B000C980D99FEF784FD02000B002F
:1037C00010981199FEF787FD0022724BFEF77AFDE3
:1037D0007E4B0022F6183305FEF79BFD02000B001E
:1037E0000A900B9108980999FEF7DEFD002808D091
:1037F0000A980B990022734BFEF76DFD0A900B910E
:10380000013F0A990B9A0B0011003A006332C62A55
:1038100012D802222898042610400E9A0C90002AF2
:1038200026D1279B042B05D9002800D0A1E0279B97
:10383000043B0E93042642E00222289810400E9A80
:103840000C90002A13D1279B052B00D889E0002873
:1038500000D084E0279B0526053B0E9332E08023B1
:103860001B069C46AC446346089409933DE6052636
:103870000B4300D1F9E608980999554A554BFEF7D4
:10388000A1FD002808D0089809990022524BFEF7A4
:103890008BFD002800D0E8E6269B002B34D00F9B40
:1038A000002B31D0269B013B2693279BB34204D9A2
:1038B0000C9B002B59D002230C9300230E93002F56
:1038C00000D13EE60A9A0B9B08980999FEF703FD82
:1038D000002208900991002320002900FEF764FDD2
:1038E000002800D136E6089C099D289A80203B4B91
:1038F00000061340220004930E9B0393269B029321
:103900002B180092019331E6279BB342D5D90C9B2B
:10391000002B2AD000230E9302330C93CFE7289B71
:103920002E4A8020089C099D1A408023DB00134307
:1039300022000493279B000603932B180092019307
:1039400002967DE6052695E600230E9302330027B6
:1039500004260C93F5E54B1E1B191B1A65E6022382
:103960000C930526AEE70423E7E5279B9B1B0E93EC
:10397000A5E7022304260C93A1E7DB1B5E1E79E674
:1039800001FCFFFFFB799F501344D33FB3C8608B0A
:10399000288AC63F0000F03F0000F83F61436F6394
:1039A000A787D23F71A379094F930A400000E03FF7
:1039B0001655B5BBB16B0240EF39FAFE422EE63F19
:1039C00000002C400000244000001840FF030000CD
:1039D0002D431CEBE2361A3F80842E41FFF7FFFF98
:1039E000F0B55746DE464E464546E0B5A3B01F004B
:1039F0002C9B92460C93C94AC94B8B460B901A607C
:103A0000002900D1BFE1002338789946002800D171
:103A1000C1E1C44B4C460993C34B0E935B460A93DA
:103A200008E0220053460A990B9DA84701343878D4
:103A3000002876D001372528F3D110239B46083B78
:103A40009946043B9846033B002602259C4638785D
:103A5000791C0300203BDBB2102B03D8099A9B0092
:103A6000D3589F460300303B092B36D900252A281E
:103A700000D1A7E000230D932E283FD00300683B20
:103A8000DBB2122B1BD80E9A9B00D3589F4663467D
:103A90000F001E43DBE70F002E43D8E743460F001D
:103AA0001E43D4E75B460F001E43D0E74B460F0092
:103AB0001E43CCE7802378785B001E4301310F0062
:103AC000672845D82428ACD90300253BDBB2422B1C
:103AD000A7D896499B00CB589F460025AB005D199F
:103AE0006D002D1808780F000300303B303D013188
:103AF000092BF3D900230D932E28BFD1302280202B
:103B000052429046C000064378780B0080444246FB
:103B1000092A00D851E12A2800D15EE10F000131C5
:103B2000ACE70A9BA1469B46CA4503D801235B42EA
:103B30005344994653464A46594600200B9DA84790
:103B4000200023B0F0BCBB46B246A946A046F0BD5B
:103B50000300693BDBB20F2B00D962E701219940DA
:103B60008846734A11408B46110042460A4200D0F3
:103B700013E10A2B2FD0072B00D052E70C9D01CD6B
:103B8000002800D134E121231E43B0461F260D9AA0
:103B900012ABF618A14694465946340002E00009DB
:103BA00020290AD00F26064032003732092E00D8CD
:103BB000073A013162540F28F1D863464C468B46D0
:103BC0000D9322E10C9B20CB002D52DB78780C93D7
:103BD0000F0001314EE70C9B0D9904CB90469B469C
:103BE000002900D128E1434618784144002801D13A
:103BF00000F029FC0D9A94460A0004E0597801333C
:103C0000002900D195E19A42F8D163460D934346CD
:103C1000D31A0F93730500D46CE10F9B0D9A934256
:103C200000D90F9202231A0032400C92334200D185
:103C300091E20C930D9BB9461E1943461B1BA846E7
:103C400022001F000B9D08E0541C53460A99A84708
:103C5000385D002800D163E122009642F4D1454648
:103C60004F4634000C9B002B00D097E15B460C9331
:103C7000DDE60222787816430F006D420C93013185
:103C8000F8E678786C2800D159E180235B001E4368
:103C9000013114E780239B0078781E4301310EE741
:103CA0007878682800D150E1802301311E4306E76F
:103CB000672800D1C2E0472800D134E1452800D16F
:103CC00034E107210C9B0D9A07338B4319000496AE
:103CD000039502920CC90B98009201930C9122005B
:103CE00053460A99FFF7CCFB0400A0E6462800D112
:103CF000A8E007210C9B0D9A07338B43190004960B
:103D0000039502920CC90B98009201930C9122002A
:103D100053460A99FFF77AF9040088E6E139001062
:103D2000F8270020ECD9001030DA00107CDA0010FF
:103D3000419000002200534625200A990B9DA84778
:103D4000013474E60C9B04339B46631C9846B6070B
:103D500000D4FFE00C9B220018780A9953460B9E72
:103D6000B0476419012D00D849E245460B9EB8467C
:103D70000A9F2A005346013539002020B047A5424A
:103D8000F7D1474672E7DB4B38780B93002399460F
:103D9000002800D03DE60024C6E66F2855D000D8A4
:103DA000BCE21023782800D19EE09E430A239C4663
:103DB00000230F930A339B464DE000218A005218DE
:103DC000520001331118187830390200303A092AAC
:103DD000F4D90D911F00591C50E60C9BB87804CB08
:103DE0000237D143C9170A400D920C93791C45E65E
:103DF000102330009843113318438023804630004D
:103E0000DB0018401E4200D1C0E64346069308235B
:103E100005930D9B22000493102303930023029328
:103E20005B4601931AAB00930A9953460B98FEF731
:103E3000F1FF0C950400FAE50139D4E680231B015B
:103E40001E433EE720231E4353E708239C460023DE
:103E50000F9308339B4680233000DB0018401E423E
:103E600000D11AE10D233100994380230A009B0001
:103E70001A409146194200D0C3E180230A005B003A
:103E80001A4090460C9A04320F92194200D08FE2E9
:103E90004B0600D597E10B0600D4E5E20C9B1B888E
:103EA00099464B46002B00D005E210339943002879
:103EB00000D100E2002398460D9B069104935B46D7
:103EC00003930023059502934346D9E0582808D070
:103ED000622878D102239C4600230F9302339B462D
:103EE000B9E720231E43103B9C4600230F93103359
:103EF0009B46B0E702231A0032400C92334200D1B5
:103F000005E20C934346B9460B9E0A9FA8461D1B2B
:103F10002200534639000134B047285D0028F7D10C
:103F200045464F469EE680231B011E4320231E4329
:103F3000C7E662460D9242469B1A0F936AE6C0237B
:103F40009B00B8781E43F91CB9E5C023B8781E431E
:103F5000F91CB4E5012D00D84AE1631E9946A94435
:103F60004B4652462600A146BA461C001700A846FA
:103F70000B9D32003B00013620200A99A847A6423B
:103F8000F7D13B0057469A464C460C9B32001878B6
:103F90000A9953460B9D4444A84767E6A0460F9BE9
:103FA0009D4200D862E62C190B9E4546B8460A9FF2
:103FB000E41A2A005346013539002020B047A542B3
:103FC000F7D1474652E680233200DB001A40904684
:103FD0001E4200D1F3E011218E43B446984680235F
:103FE00062469B001A40934662461A4259D180238A
:103FF0005B001A4091460C9A04320F9262461A42B4
:1040000000D0A0E163465B0600D5D4E063461B0602
:1040100000D412E20C9B00229B5ED8171918414075
:1040200089B2DA0F0C92002B00D187E188461F2657
:1040300012ABBB461495F71845464E46E046A146DE
:1040400006E028000A21FDF7F9FE0500202E08D021
:104050000A212800FDF7F2FE01363031B955092D4D
:10406000EFD84C46C446B1465F46149D634606935E
:104070000D9B059504930A2303930C9B02934B46D7
:1040800001931AAB220000930A9953460B98FEF74E
:10409000C1FE0F9B04000C93C9E40C23310099432B
:1040A000E3E60822072191460C9B07338B43994492
:1040B0004A460ACB08000C92DA0F9346184300D008
:1040C00085E0002399464346002B2FD10022002390
:1040D0001092119300231F26994612ABF6185B46E7
:1040E0001495BB46E04637000F934E46A146109C00
:1040F000119D05E0692D001004000D00202E0CD04C
:104100000A22002320002900FDF7D6FE01363032B6
:10411000BA55002DF0D1092CEED80F9B10941195B3
:104120005F464C46C446B1469B46149D6346069383
:104130000D9B059504930A2303935B4602934B461C
:1041400001931AAB220000930A9953460B98FEF78D
:1041500061FE04006BE40F9B9D4200D896E1802332
:10416000DB000C930F9B2E19F61A43460F930D9B01
:10417000A84699465346BA461F000B9D22003B00B5
:10418000013420200A99A847B442F7D10F9B454635
:1041900098464B460D933B0057469A46434618783F
:1041A000002800D162E56B1C0F930C9B002B00D103
:1041B000A8E600233DE50C9B1B78190031E710238E
:1041C0009E43B4460BE70C9B1B78994669E6DA17C9
:1041D000129213924A401092129813990A005A4070
:1041E0001192109A119B121A8B411092119371E740
:1041F0000C9B220018780A9953460B9CA047444612
:1042000034E50822072690460C9B0733B3439844B5
:1042100042460C921A685B68149208931300089A3D
:10422000134305D11033994300239846002838D111
:1042300061208B0600D5412000231F2698465A4650
:1042400012ABF618030018920F9A0A3BB146169566
:10425000179419974446664690469B46149F089DBE
:10426000159103E007000D00202C13D0320000232D
:1042700038002900FDF720FE5B46D2B2D318092A88
:1042800001D8130030334A4601341355A845E9D10B
:10429000BE42E7D9189BA0469B461599169D179CD0
:1042A000199F0D9B069104935B460393002305958C
:1042B0000293434644E761208B0600D541201F2628
:1042C00012ABF21803000A3B0C934B464646A1463C
:1042D000A8461C005D461491BB46170002E004008E
:1042E000202E0DD029002000FDF7A8FD0C9BCB1837
:1042F000092901D80B0030330136BB55AC42EED250
:104300005F464C46AB4614994546B046D4E50F9BF4
:104310009D4200D926E701330F93F3E510233200C5
:104320009A439446692800D0A2E080233200DB0043
:104330001A4090461E4200D151E64CE64346002BFF
:1043400000D093E673E60C9B1B68DA0F002B70D04D
:10435000D9175B184B4098461F2612ABF618A1469A
:1043600014955C464546BB46E04637000C9206E095
:1043700028000A21FDF762FD0500202C08D00A2143
:104380002800FDF75BFD013430313955092DEFD898
:104390005F46C446A3464C46149D0C9A634606935A
:1043A0000D9B059504930A23029203935B4667E6EF
:1043B0000C9B1B689846002B03D1103399430028AF
:1043C0002DD161208B0600D541201F2612ABF61897
:1043D00003000A3B4A460C93149143463100A84619
:1043E000A1465E461400BB461D000F0002E005001A
:1043F000202C0DD031002800FDF720FD0C9BCB18A0
:10440000092901D80B00303301343B55B542EED2B7
:1044100023005F464C464546B346994614990D9B8A
:10442000069104935B4603930023059502934B4644
:1044300026E64346002BB1D18EE70C9B1B68D817AC
:1044400019184140EDE580233200DB001A400F923D
:104450001E420FD00230020032400F92304219D07B
:104460000023A0460F939AE50C9B1B68994618E51C
:1044700016009BE402231A0032400C92334200D013
:104480008CE5002D00D06DE6FFF7F0FB01330F93B4
:10449000FFF7D0FB0C93F4E70EB410B5012485B000
:1044A00007AA08CA01000392009204486242FFF77B
:1044B00097FA05B010BC08BC03B01847612D001076
:1044C00000B585B0039101210290009303481300C9
:1044D0004A4202A9FFF784FA05B000BDFD2F001083
:1044E0000FB410B50C4984B006AA08CA0C68039230
:1044F000002C0BD0009201220848524202A9A0478A
:10450000012004B010BC08BC04B01847180000F02B
:104510008BFA0020F5E7C046F8270020ED2F0010A9
:1045200010B5094A0300146884B0002C08D0012299
:1045300000910648524203A9A047012004B010BDD3
:1045400000F072FA0020F9E7F8270020ED2F0010A4
:1045500000BEFDE77047C046094A1368002B06D02D
:1045600008491818884208D8106018007047064B90
:104570000449181813608842F6D901235B42F4E716
:10458000F423002000000420602800208C4610B591
:104590001100002805D1044B60460CCB00F054F903
:1045A00010BD01204042FBE790D90010013810B542
:1045B0001400012807D8080001230022210000F080
:1045C000C9F8200010BD01204042FBE70120404215
:1045D0007047C046012040427047C046012040421B
:1045E0007047C0460222002382425B411800704798
:1045F00010B5FFF7ADFFC04610B584460C0082B081
:104600001900002A0AD0074B01920093624623004A
:104610000548FFF765FF0120FFF79AFF034B1A00DB
:10462000F2E7C046C4D60010D4D6001058D500100A
:1046300070B5FDF7B7FA074D074EB54209D2002411
:10464000013E761BB608013608CD01349847B442C6
:10465000FAD170BD1CD5001020D50010030010B594
:10466000080011001B68984710BDC046F8B5437D8F
:1046700007000D001600002B38D0002A1ADD0B7839
:104680000A2B18D00020012E09D0012421006B5CD8
:1046900001340A2B1AD0B442F8D1864203DD311A14
:1046A0003B6828189847AD19013D2B780D3B5A42BD
:1046B00053413B75F8BD037D002BE3D102210E4829
:1046C0003B689847012EEED00120DEE76B1E5B5C55
:1046D0000D2BE0D0884203DA091A3B682818984766
:1046E000054802213B6898472000D4E70368110081
:1046F00028009847DEE7C046D8DB0010F8B50B6805
:104700000D005A1CCB180A601871802A00D0F8BD21
:104710000E4B1C68002C15D00D4E0F1D02E02469B5
:10472000002C0FD02368002BF9D03368002B01D068
:10473000A342F4D1200039002A68FFF797FF2469CB
:10474000002CEFD100232B60E1E7C046E4230020DA
:10475000F0230020F0B54646D6464F46C0B582B09D
:1047600090461C0006000D00FCF7D2FF00232F4AE4
:1047700012184B41002B02DA01222D4B52422D49D7
:1047800008008A4608F064FE81466B1C03D13000A5
:1047900003F088FC0500002C27D0274F274B1C680E
:1047A000002C18D04346002B21D1254B984602E01F
:1047B0002469002C0FD02368002BF9D043461B68D6
:1047C000002B01D09C42F3D120002A003100B847D1
:1047D0002469002CEFD14B46002B23D1280002B0D6
:1047E000E0BCBA46B146A846F0BD164FD6E7144B1A
:1047F000984602E02469002CEDD02368002BF9D004
:1048000043461B68002B01D0A342F3D12A0031009C
:104810002000B8476B460A222000DA71D91D093AF8
:10482000B847E7E7504608F053FED7E740420F008D
:10483000FFFFFF7FAC1A00206D460010E42300202C
:10484000F02300205D460010F0B54F464646D646A0
:104850009946194BC0B5924607000E009846174D71
:1048600043461C68002C03D114E02469002C11D0AD
:104870002B68002B01D0A342F7D1A368002BF4D002
:104880003100380098470028EFDDE0BCBA46B14659
:10489000A846F0BD0A4B5B6A994508D8084A926A57
:1048A000524502D302204042EFE79945FAD1012058
:1048B0000021FCF737FFD3E7E4230020F02300209A
:1048C000004005400A4A1368002B05D10CE01A008D
:1048D0001B691032002B07D08342F8D1002902D186
:1048E00018691060196170470029FCD01060FAE760
:1048F000E423002010B500F0B3FA10BDF0B5CE46A9
:104900004746040080B583B0FCF702FF260000276D
:1049100036184F41002F02DA01261A4F76421A4B01
:104920001A4D994601AB98464B461C68002C03D1A2
:1049300016E02469002C13D02B68002B01D09C4278
:10494000F7D1A368002BF4D00121404698470028F6
:10495000EFDD4346187803B0C0BCB946B046F0BDA1
:104960000B4B5A6A974207D89B6AB34202D3022084
:104970004042F0E79742FAD101200021FCF7D2FE35
:10498000D2E7C046FFFFFF7FE4230020F023002092
:1049900000400540F0B5CE46474680B583B06B4633
:1049A0000600DD1D2870FCF7B3FE0023194A12181B
:1049B0004B41002B02DA0122174B524217490800E3
:1049C000894608F045FD164B80461C68002C14D023
:1049D000144F02E02469002C0FD02368002BF9D07B
:1049E0003B68002B01D09C42F4D120000122290019
:1049F000FFF73CFE2469002CEFD14346002B05D184
:104A0000300003B0C0BCB946B046F0BD484608F01F
:104A10005FFDF5E740420F00FFFFFF7FAC1A00206B
:104A2000E4230020F023002070B5040003F03AFBDB
:104A300001230100050001222000FFF78BFE084B37
:104A40001C68002C06D06368002B05D098472469A9
:104A5000002CF8D1280070BD2469002CF3D1F9E7AF
:104A6000E4230020F0B5CE46474680B5A3B004004D
:104A70000E00FCF74DFE0023264A12184B41002B76
:104A800002DA0122244B5242244808F0E1FC0023C0
:104A90002200019380463300214801A9FFF710FD51
:104AA000204F019B81463C68002B19D0002C2FD051
:104AB0001D4E02E02469002C0FD02368002BF9D092
:104AC0003368002B01D0A342F4D12000019A02A93F
:104AD000FFF7CCFD2469002CEFD100233C68019343
:104AE000002C06D06368002B0CD098472469002C5A
:104AF000F8D14346002B07D1484623B0C0BCB94685
:104B0000B046F0BD2469EBE7044808F0E1FCF3E7A8
:104B10000194EEE740420F00FFFFFF7FAC1A002038
:104B2000FD460010E4230020F02300200FB400B560
:104B300083B004A901C90191FFF794FF03B008BC39
:104B400004B01847024B1860024B19607047C0460A
:104B5000842300208823002010B5024B1878FBF72F
:104B600065FF10BD5B280020154B70B51A68002A40
:104B700022D0EFF3108172B610680028FCD0BFF38A
:104B80005F8F00200F4A596010701B68BFF35F8F62
:104B9000186081F31088002400250B4E3078FBF755
:104BA00039FF002804D1002400252900200070BD11
:104BB0003078FBF73BFFF8E7FA240025A400ECE788
:104BC000042800205C2800205B28002070B5050028
:104BD00000200E0001F078FB002834D0002001F006
:104BE00089FB00282FD0FCF793FD0023174A1218E9
:104BF0004B41002B16DB164C200008F029FC002846
:104C000021D0002001F060FB00280FD101200021FD
:104C1000404200F089FD03256D42200008F058FC59
:104C2000280070BD01220B4B5242E4E7002001F046
:104C300061FB0028EAD029003200002001F064FB6B
:104C4000051EEAD1E7E703256D42E9E740420F0080
:104C50003C280020FFFFFF7F10B5FCF759FD002323
:104C60000D4A12184B41002B02DA01220B4B524223
:104C70000B4808F0EDFB00280CD001200021404239
:104C800000F052FD002001F083FB0028F5D104481C
:104C900008F01EFC10BDC04640420F00FFFFFF7F22
:104CA0003C280020F8B5CE46474680B505000C00EC
:104CB000FCF72EFD0023344A12184B41002B02DA78
:104CC0000122324B524232490800884608F0C0FBAC
:104CD000002803D1C0BCB946B046F8BD002001F0A1
:104CE000F3FA002848D00026002C41DD294B9946D4
:104CF00013E0A919002001F087FB07000120002123
:104D0000404200F011FD002001F042FBFCF700FDE5
:104D1000204BF61903C3B4422ADD002001F094FBB6
:104D2000A71B0200B84200DD3A00002AE1D10120B1
:104D30000021404200F0F8FC002001F029FB002097
:104D400001F0C2FA002813D0002001F07DFB0028FA
:104D5000E1D1FCF7DDFC4B460F000CCB0021844673
:104D60000D4812184B419F4202D8D4D19445D2D954
:104D7000404608F0ADFBADE700200021054B03C322
:104D8000404608F0A5FBA5E740420F00FFFFFF7F6C
:104D90003C280020001D002020A1070030B5002184
:104DA00085B0284808F064FB00281CD1264B1A68FF
:104DB000002A16D0EFF3108172B610680028FCD0DC
:104DC000BFF35F8F01242148596002781B68D2B27B
:104DD0000470BFF35F8F0020186081F31088002AF1
:104DE00017D005B030BD01200021404200F09CFCEE
:104DF000002001F07FFA0500124808F069FB002D41
:104E0000EFD0134B1B68002BEBD0124A1068984769
:104E1000E7E7FCF7F7F90400FCF77AFCFA22002335
:104E2000920012184B41002B02DA01220A4B524227
:104E30000121029100210191084920000091FCF715
:104E4000E5F9CEE73C280020042800205C2800205B
:104E50008423002088230020FFFFFF7F694B001080
:104E6000D02310B51B0684B01C68FCF7CBF9FCF707
:104E7000CBFAA04202D0002004B010BD284B002184
:104E800000201B7801F0A6FC26480368002B44D0C4
:104E90000120FBF74FFFFF23234C244920701840CB
:104EA000FBF7DCFD20780121FBF7A2FD0520FBF7D5
:104EB000C5FD002824D1082200211D48FDF744FF2C
:104EC000FCF7A0F90400FCF723FCFA22002392006F
:104ED00012184B41002B02DA0122164B52420121DB
:104EE000029100210191144920000091FCF78EF9F4
:104EF0000028C0DB11480121FFF7E4FC0120BBE7DB
:104F00000120FBF733FD01000948FBF773FF002286
:104F100005200B49FBF7CCFDECE7FBF74FFFB7E7AC
:104F2000185101103C2800205B2800209D4D0010E6
:104F300004280020FFFFFF7F694B001000120020B3
:104F4000594B00100048704754DC0010004870476F
:104F500000DC001010B5040016480378002B20D0A8
:104F6000002C06D1144B15484380063BFF3B0380C1
:104F700010BD052C1CD8124BA400E4580F48012387
:104F8000811C013C04E001330A800231142B0CD057
:104F9000E25C002AF7D1C022DBB25B00920013432F
:104FA000E5E7112100F016F8DAE7CA239B00DEE7F7
:104FB0000020DDE74428002009040000BC23002075
:104FC000E8DB001010B5024800F0F4F810BDC04650
:104FD0001C28002030B5012900D1BBE0744B0139F9
:104FE0001A78121114003034092A00DDB5E004707B
:104FF000012900D1DAE00F221C782240140030345D
:10500000092A00D9ACE04470022900D1CEE05A78D8
:105010009446121114003034092A00DDA3E0847094
:10502000032900D1C2E064460F222240140030342C
:10503000092A00D99AE0C470042900D1B6E09A7810
:105040009446121114003034092A00DD91E00471F5
:10505000052900D1AAE064460F2222401400303412
:10506000092A00D988E04471062900D19EE0302544
:10507000AC46DC7822119444092A00DD7FE06246C8
:105080008271072900D191E00F22224014003034B0
:10509000092A00D977E0C471082900D186E03025BB
:1050A000AC461C7922119444092A00DD6EE0624668
:1050B0000272092900D179E00F2222401400303415
:1050C000092A67D844720A2900D16FE03025AC461E
:1050D0005C7922119444092A5FDC624682720B29B2
:1050E00064D00F22224014003034092A59D8C472E7
:1050F0000C295BD03025AC469C7922119444092AB6
:1051000002DD0735AC469444624602730D294DD04A
:105110000F22224014003034092A01D937321400FA
:1051200044730E2942D0DA7913111C003034092B54
:1051300001DD37331C0084730F2937D00F23134050
:105140001A003732092B01D830331A00C2731029E4
:105150002CD010300023037030BD3732140046E7E6
:10516000373214004FE73732140058E73732140053
:1051700061E7373214006AE73732140073E7073506
:10518000AC4694447BE73732140084E70735AC46DD
:1051900094448CE73732140094E70735AC469444C6
:1051A0009BE737321400C4720C29A3D14018D1E711
:1051B0001C28002010B588B004000D22002168468C
:1051C000FDF7C2FD0D22002104A8FDF7BDFD6A46D2
:1051D0004B236846137004A900230D2208F030F910
:1051E0001521082220006944FDF7B4FD08B010BD68
:1051F0007047C0460022014B1A7070475A280020A1
:105200004B790020FF2B0BD18B79002B08D1CB7968
:10521000012B05D1082A03D9024B8A7809301A706C
:105220007047C0465A2800200120704710B5012958
:1052300013D115495379107909781B0203430020D3
:10524000994200D010BD5378012B08D0022BF9D120
:10525000642200210020FCF7EFFB0120F2E7D17867
:1052600093780902194380230A005B001A4019420F
:1052700006D00A06D20F480A03231940FCF764FC43
:1052800001204042F8E7C0465A28002000487047F5
:1052900010DD00109446012310B501290AD152787F
:1052A0000023012A06D162461179527912020A437B
:1052B000072A01D0180010BDA6336146024A00F04B
:1052C000EBFE0300F6E7C04668DC00100123037024
:1052D0000048704734DD00104B780A781B021343F6
:1052E0008A7810B512041A43CB781B061343962212
:1052F000D200934200D010BD002201201100404294
:10530000FCF722FCF8B500F03BF90C23194DFF2205
:10531000AB6705201849FBF7CBFB184C4022002156
:105320002000FDF711FD4027002301262121144A0A
:1053300066702783A260136063545F3161844539CE
:105340006354104A10496360E2602787A1620B60D2
:105350006362E26208F04CF880239B052E64EB64E4
:1053600090230A4A0120EA508022094B5202DA6453
:10537000F8BDC04600001150C1040020F8230020F1
:1053800084001050000110508000105010D0010017
:105390000020115010B501210520FBF729FB10BD9D
:1053A00010B500220021024800F00AF910BDC046E5
:1053B00018240020044B1970002904D08021902368
:1053C000024A8902D150704756280020002011500F
:1053D0000B785B0600D070474B78052BFBD18A78A1
:1053E000014B1A60F7E7C04600001150F8B5CE46F1
:1053F0004746CB7880B59B079A0F1000012A58D0FA
:105400008C780A794B797F211B022140E5091343EF
:105410004A0091462C4E52195201B2189470012440
:105420006C40547000245B055B0DD4701383D07600
:10543000CA00012D2CD0254FD2198F01BC46B4448F
:105440006746BA60146000292CD0214AC900891827
:1054500079603F339B09022832D09A014B461D4C9C
:105460005B1921685B01F6181B4B8A18F1602260FA
:105470009A4227D8194A83064A40134380221206CB
:105480001343726813600120C0BCB946B046F8BD32
:10549000134FD2198F01BC46B4446746BA621460F8
:1054A000002908D100236D0175196B600D4BEB606D
:1054B000E9E70020E8E7094AC90089187962C8E7E6
:1054C000DA01CBE7FCF768FBF823002084001050DA
:1054D0000400105000280020FF0F10500000105052
:1054E000800010500001105010B507F081FF10BD72
:1054F0007F2010B508404000C90940181100044A37
:10550000400180181A0000F05BF8012010BDC04671
:10551000F82300207F23180000B5084083B00B4219
:1055200004D14B424B41084A013393668022C9099A
:105530004000064B401840010021C018120107F03E
:105540006FFF03B000BDC04600201150F8230020BB
:105550007F22130010B50B400A4200D110BDC909CB
:105560005B005B1804485B01C0180023002203495C
:10557000C37007F055FFF1E7F8230020FFF7FFFFA6
:1055800080220A4B520410B51A60094B09491A606F
:1055900010000B689843FBD180220021520106487D
:1055A000FDF7D2FB0922054B5A6710BD00E0004011
:1055B00000F0004008C000400000105000001150F2
:1055C000002310B5C3820133828283760161040017
:1055D00007F02EFF002804D080219023074A89027B
:1055E000D150200007F05CFF002802D00123237770
:1055F00010BD200007F004FFFAE7C046002011505C
:105600007047C0467047C046002070470020704772
:105610007047C0467047C0467047C0467047C04696
:10562000024B5878431E9841C0B270476821002051
:10563000024B18784007C00F7047C0466821002011
:10564000F0B5D6464F464646C0B52C4B81469846E7
:105650001B788A46FF2B4BD100293BD000215422D6
:105660002748FDF771FB0022264C274B20001A70BB
:10567000FBF7A4FB254B1C60254C2000143CFBF7DA
:10568000ABFB200001F098FB224B234D1C60234B09
:10569000002B04D02800FFF719FE214B18600024CE
:1056A0002B78204F1E4E0DE0336862019B18002BB3
:1056B00010D05B68002B0DD0984701342B78E4B2F2
:1056C000A34209D3A342EFD8E31A5B01DB195B685D
:1056D000002BF1D100200CE042464B465146484693
:1056E0001370FFF70FFE0028F4D04846FFF752FE74
:1056F0000120E0BCBA46B146A846F0BD34120020F5
:10570000682100206021002057280020BC210020B3
:105710002C120020C021002055280020CD5200105E
:1057200080200020FCDD0010F0B5DE4657464E46D6
:105730004546E0B5C84B91B003931B78FF2B00D1D1
:1057400042E1C64BC64E1F00C64B0DAC0293C64B82
:10575000019335686A69EFF3108172B61368002B04
:10576000FCD0BFF35F8FA9612800210001F05AF936
:105770006A69AB69BFF35F8F0021116083F3108802
:10578000002800D120E16378082BE2D89B00FB5869
:105790009F466368002BDCD0A0689847D9E77F223A
:1057A0002179B04D0A405300EB189846C80980444F
:1057B00040460123303005799D4305710579033357
:1057C0009D430571002A00D105E14346A74A1B7D90
:1057D0001278934200D3F5E0A54A5B011568ED18F5
:1057E000002D00D1F0E0A36862792078AD69A84768
:1057F000AFE7A04B1A78002A00D1E5E01A78013A09
:105800001A701B78002BA4D10122964D01212B7810
:10581000042013432B703423EA5C8A43EA54EA5C85
:105820008243EA540133EA5C8A43EA54EA5C8243E5
:10583000EA54237800209B4600F088FC60222379FC
:105840001A40602A00D1F1E0402A00D1F7E0DB06DF
:10585000DB0E012B00D115E1022B00D1CAE0002B99
:1058600000D0E3E0202A00D111E2002A00D0DDE0E0
:105870006379092B00D9D9E07F4A9B00D3589F4612
:10588000784D2B78DB0700D463E7FFF7C7FE60E7AE
:10589000029BDB78DB0700D45BE76068FFF7B2FEB2
:1058A00057E7704D2B78DB0700D452E728780007C4
:1058B000C00FFFF7B1FE4CE723786B4A9946934639
:1058C0006A4B6B4A984692463A00002547461B7839
:1058D000B0464E4691460EE053461B686A019B183F
:1058E000002B00D17DE0DB683000984701353B7824
:1058F000EDB2AB420CD3AB42EED8EB1A5B015B448A
:10590000DB683000984701353B78EDB2AB42F2D20C
:10591000544D542200212800FDF716FA1022FF21D1
:10592000281DFDF711FA28002022FF2114304646D9
:105930004F46FDF709FA00F0FFFB2379AB7008E74B
:1059400023784B4A9946494B924698463200BB46CB
:105950004E460025474691461B780DE053461B688E
:105960006A019B18002B40D0DB6830009847013556
:105970003B78EDB2AB420DD39D42EFD3019AEB1AC7
:105980005B01D318DB683000984701353B78EDB2F6
:10599000AB42F1D2029D542200212800FDF7D4F938
:1059A0001022FF213548FDF7CFF928002022FF21E2
:1059B00014304E465F46FDF7C7F900F0BDFBFFF718
:1059C00029FEC6E6934213D011B0F0BCBB46B246E6
:1059D000A946A046F0BDA3686279207800F0CAFB12
:1059E000B7E646464F461F4DA5E74E465F46E4E7FD
:1059F0001D4DF8E67023217A0B4217D1C809824663
:105A00000F330B405B0098461848EB1853441B7D3E
:105A10000078834264D216485B010068814699444D
:105A2000002A00D155E14B46002B61D1207800219E
:105A3000FFF770FD80212078FFF76CFD89E61048A4
:105A400000F084FB012158460EAAFFF723FC002832
:105A500000D07EE6EAE7C0463412002054DD001094
:105A6000C021002068210020FCDD00105528002006
:105A7000802000205728002078DD00106C210020B5
:105A800095520010237A22890F2BCFD8FF23134081
:105A9000D14AEB181B791278934234D3C6D1CF4D3B
:105AA000686900F053FB012158466B690EAA9847BC
:105AB000002800D04DE66022150023791D401A42CF
:105AC000B4D163790A3B012BB0D800F03FFB637976
:105AD0000A2B00D18AE158460EA900F0C7FA38E631
:105AE000834200D0F0E0BD4B9946002A00D1F0E09F
:105AF0004B46586900F02AFB4B46012158465B692A
:105B00000EAA9847A3E7B64A5B011568ED18002D69
:105B1000C6D18BE7A37999466B789945DBD06B7832
:105B2000002B00D02CE14B466B70002B00D124E100
:105B300048460138C0B2FFF709FA002800D174E1E5
:105B400043780793022B00D06FE10122C179B1465F
:105B50008B11491113400A40302112015B0113439C
:105B60002A78A8468A4313432B7009239A46824415
:105B70005646BA46C37882781B021343C31805936E
:105B8000954B0493954B0893954B0993954B0A932A
:105B9000059BB34200D84BE1737801220B2B03D154
:105BA0003378F278F6187378042B00D03AE1059B2D
:105BB00000279B1B9BB20693049B0B921D7819E058
:105BC000099A7B011568ED18002D00D12AE13100FA
:105BD00058462B69069A98478446082803D9069A9E
:105BE000824200D30BE1049B01371D78FFB2BD4216
:105BF00000D217E1BD42E3D8089B7D1B6D015D1902
:105C0000E5E76B780CAA02321370584601230EA9FF
:105C100000F042FA9DE5E088030AC0B20F2B00D9DC
:105C200004E771499A008A5897460EA800F094FA42
:105C30005846A179FFF7B4FB02222B7813432B704F
:105C400087E5E388012B00D0F0E608222B78584640
:105C500093430EA92B7000F009FA7AE50220297807
:105C60000CAB9A1C8B068908DB0F01400B43138099
:105C7000584602230EA900F00FFA6AE5E388012BCB
:105C800000D0D3E608222B7813432B7023E7237A26
:105C900022890F2B00D9C9E6FF2313404E4AEB1887
:105CA0001B791278934228D24D4A5B011568ED1892
:105CB000002D00D1BAE6686900F048FA0121584683
:105CC0006B690EAA9847C2E6002A00D0AEE6002310
:105CD000994662790220130004928343012B11D06C
:105CE000002A00D0A2E62B004344534430331B79F2
:105CF0000CAA9B07DB0F0232B9E7934200D095E66E
:105D0000364DD8E7E388002B12D1039B1878049B0B
:105D1000012B23D0FFF7FEFB43460221EB1853442F
:105D200030331A790A4301211A711A790A431A7118
:105D30004B46002B00D10CE5586900F007FA4B46A2
:105D400001215B690EAA58469847002000F0FEF931
:105D50003523EB5CDB0700D5FBE4BCE6FFF7F8FB83
:105D600043460221EB18534430331A798A431A719F
:105D70001A7904998A431A71DAE7FFF74BFCAAE60D
:105D800000215846FFF716FB5846FFF7ADFB0022EF
:105D90009246124AAB780592114A049306922A0061
:105DA0000D4B5546984692461B780EE0069B6A01BD
:105DB0001B689B18002B54D0DB6858469847434615
:105DC00001351B78EDB2AB4237D3AB42EED8059A22
:105DD000EB1A5B01D318EFE755280020FCDD00101B
:105DE000802000207C210020A0DD00100CAB9A1C3C
:105DF000584601230EA9157000F04EF9A9E40B9A3C
:105E0000012A4CD0002A3CD00023B07804E00133B2
:105E1000DBB20F71934234D2C118C9B241440D793B
:105E2000FF2DF4D04E464546574600236B70FDE5E6
:105E30004E465746FFF7ECFB4DE6554654220021EF
:105E40002800FCF781FF1022FF21281DFCF77CFFB2
:105E500028002022FF211430FCF776FF049BAB7052
:105E600061E65546FAE7FFF711FA021E00D1DDE5BB
:105E7000D37891781B020B4358460EA900F00CF919
:105E8000E5E565463B0031002A000A9800F046FD32
:105E9000049B76191B78BB4200D379E6C2E7174B07
:105EA00029699942B0D1079AAEE7FFF7ADFB021E10
:105EB00000D1BBE5584613780EA900F0EDF8C6E511
:105EC0002189FFF747F8021EF4D1AFE5022B0FD06E
:105ED000FFF79CFB021ECBD1A8E5FFF733F8021EAB
:105EE00000D1A3E5122358460EA900F0D5F8AEE57F
:105EF000FFF72CF8021EBBD198E5C046456500109F
:105F0000F0B54F464646D646C0B50C0016001F00F9
:105F100082B0002A3AD0702398461D4B002599463E
:105F20001C4B9A461AE04B461B78200001935346BF
:105F3000997800F0B9FC00281CD021000198FFF7E7
:105F400055FA002816D0A378DA09012A19D00A9A3E
:105F500001351370B54219DA2378E4186378052BFC
:105F600008D1E3789B079B0FBB4203D14246A3783D
:105F70001A42D8D0002002B0E0BCBA46B146A846CA
:105F8000F0BD0B9A01351370B542E5DB0120F2E755
:105F90003412002068210020702270B58B780C002C
:105FA0001A4201D0002070BD064B20001D78064B20
:105FB000997800F079FC0028F4D021002800FFF740
:105FC00015FAF0E734120020682100207F20074BEB
:105FD00010B51A680840CB0934334000C018044B90
:105FE0001100C01800F01CFC10BDC046BC210020F0
:105FF000682100207F20074B10B51A680840CB09A4
:1060000034334000C018044B1100C01800F030FCBD
:1060100010BDC046BC2100206821002070B57F243F
:10602000C80984460C400F486400041964443034A5
:106030002079C00701D5002070BD0B4801250078EC
:1060400084462079284320716046FFF751FA0028E2
:10605000F2D10122237993432371237903329343AD
:106060002371E8E7682100203412002070B5094C44
:106070000600082220000D00FCF76CFE00238021A2
:10608000E360A3602B783000994300220023FFF7E0
:10609000C5FF70BD48210020F0B5C646244C17004E
:1060A00080460822200000B50D001E00FCF752FEBD
:1060B0000023A760E381EB79AA791B0213431A1C22
:1060C000B34200D9321C96B2A281002B0CD0002E14
:1060D00015D0002F2AD0402E1AD8237896B27F2BC5
:1060E0001BD80021134A0EE080212B78002299430F
:1060F00040460023FFF792FF80BCB846F0BD7F23E7
:1061000000222178994333004046FFF787FFF3E7E9
:106110004022237896B27F2BE3D9064C3200390017
:106120002000FCF717FE80212200ECE70020E3E7C7
:10613000482100200821002010B514220021024827
:10614000FCF702FE10BDC04648210020014B18613B
:106150007047C0464821002010B5054C01000822B8
:106160002000FCF7F7FD0023A360E36010BDC046EC
:106170004821002070B5374C1D0023780600DA094D
:10618000C9098A4210D00020002D00D070BD210026
:106190003000FFF71DF92369002B03D022000321F3
:1061A000300098470120F1E77F2B06D8A06800282F
:1061B000ECD02A002849FCF7CDFDE289A1685219EC
:1061C000E38892B24919E281A160934214D03F2D35
:1061D00012D9A389981A051C80B2402828D82078A3
:1061E000ADB27F2826D800219A4230D01A4A2B001F
:1061F0003000FFF713FFC9E72369002B05D0220009
:10620000022130009847002808D0802123780022FE
:10621000994330000023FFF701FFB7E7002130006A
:10622000FFF778F930008021FFF774F90120ADE71E
:106230004025D4E79A4207D0074C2A002000FCF7FB
:1062400089FD80212200D2E780210022CFE70022B1
:10625000CDE7C046482100200821002070B5040089
:10626000FFF7DEF9002800D170BDFFF7E1F9002843
:10627000FAD1C8236343124A2500D418E1780029D3
:10628000F2D010339E18300000F0B6FB3F28EBD957
:106290000020E178FFF79AFE0028E5D0300000F0FA
:1062A000ABFBE1783F2807D9064BEA01D218002062
:1062B0004023FFF7B3FED7E70020FFF79BFED3E7AD
:1062C000B81A00208420002010B50400FFF7A8F9B8
:1062D000002801D1002010BDFFF7AAF90028F9D14C
:1062E000C8226243024B01309B181B791840F2E729
:1062F000B81A0020C82310B543430248181800F00C
:106300005DFB10BDC81A0020F8B5C82343431D4DDE
:106310001033EE18802304005B029A4200D31A4A1D
:10632000300092B200F0CCFB0700FFF779F90028AB
:1063300001D13800F8BDFFF77BF90028F9D1C82357
:106340006343ED18EB78002BF3D0300000F054FBE2
:106350003F28EED90020E978FFF738FE0028E8D082
:10636000300000F049FBE9783F2807D9074BE201EC
:10637000D21800204023FFF751FEDAE70020FFF794
:1063800039FED6E7B81A0020FFFF00008420002065
:10639000F8B50400FFF744F9002801D10020F8BD4A
:1063A000FFF746F90028F9D1C82325005D432B00EB
:1063B000134E2433F718380000F000FB0028EDD00E
:1063C00075190020A978FFF701FE0028E6D00D4AD4
:1063D000E3019C1821004022380000F071FBA978ED
:1063E0000300051E07D022000020FFF717FE00283B
:1063F000D4D02800D3E70020FFF7FCFDCEE7C0464D
:10640000B81A0020C420002070B5C82444430C4BA7
:106410000500E41880235B029A4200D3094A200059
:1064200092B200F015FC0600200000F0C7FA3F28E9
:1064300001D8300070BD2800FFF7AAFFF9E7C04679
:10644000DC1A0020FFFF0000C82310B543430248B8
:10645000181800F0D1FA10BDDC1A0020F0B50025A4
:10646000184C83B0C82200212000FCF76DFC164BAD
:1064700021001D70FF236371E1235B02A3602000F4
:1064800008234022A37338310095073B103000F0F9
:106490005FFA2700012321002000260040227831E6
:1064A0000093B837243000F053FAC0363800FAF7BA
:1064B00085FC3000FAF782FCE5612762266365639C
:1064C00003B0F0BDB81A0020042100200A4B196B5C
:1064D0001A6A00290CD0002A07D00022DA615A6318
:1064E0001A6300221A62012070475A631A63FAE79E
:1064F000002AF8D0D961F4E7B81A002070B5052257
:1065000000210D48FCF720FC0C4D2B78DA0707D54D
:106510000B4C9B070CD50121200000F06DFC70BDD9
:106520000548103000F048FC2B78054C9B07F2D44E
:10653000200000F041FCEEE7B81A00200421002002
:10654000DC1A0020F0B54B79070083B0022B02D192
:106550008B79022B03D00024200003B0F0BD214B27
:106560001E009B78002BF6D18B78092433700D78B0
:106570004D196B78242B07D00CE02B78ED181C19E3
:106580006B78A4B2242B05D1A242F6D20020FFF7EB
:1065900065FEE1E71A00052B15D0042AF6D16B79C8
:1065A0000A2BF3D1104B2E7801930133009338005E
:1065B0000223A919023AFFF7A3FC0028CBD00E341E
:1065C000A419A4B2E2E729003800FFF7E5FC00288F
:1065D000C1D0AB7873702B781C19ED186A78A4B20F
:1065E000DBE7C046B81A0020BA1A002060238C46A8
:1065F0001100127870B513400022202B08D1324CC4
:106600004B7926000D7924781B022B439C4201D044
:10661000100070BD4B78222B1CD008D8202B39D00D
:10662000212BF5D16346012B43D00122F0E7232B28
:10663000EED16346012B42D0032BF6D1234B002B26
:10664000F3D08B78C97800200902194300E000BF1D
:106650000122DDE76346012B31D0032BE5D1012573
:10666000CB788A781B0213431C001D4033000121A4
:10667000243318006940347100F0BEFB144B002B2A
:10668000D3D0012362081A402900002000E000BF97
:106690000122BDE76346012B0BD0032BC5D10D4B67
:1066A000002BC2D0310000200831FEF715FE012278
:1066B000AEE7094A0723FFF7EFFC0122A8E7FFF73F
:1066C000D5FC0122A4E7C046B81A00200000000053
:1066D00000000000D9520010C01A0020F8B547464B
:1066E000CE4680B5344C1F00E37880460D008B42C7
:1066F0003BD0A37800208B4211D0C0BCB946B04635
:10670000F8BD2E4B002B04D02D4800F06DF9002869
:106710004FD00020FFF7A2FDA378AB420AD1294B4E
:10672000002B02D0002000E000BF0020FFF730FE69
:10673000002801D00120E0E7234C200000F03EF9C2
:106740000028F7D1002FF5D0BB06F3D1243C4046FA
:10675000A178FFF73BFC0028ECD000230022404644
:10676000A178FFF75BFC0120C7E7184E1448310001
:10677000BAB200F06DFA164B002BC2D06379FF2B32
:10678000BFD0002FBDD0BC46B444E14603E0013683
:106790004E45B6D0637932789A42F8D1084800F075
:1067A00023F90028F3D1064B103B597900E000BFD4
:1067B000EDE700E000BFACE7B81A002000000000E1
:1067C000C81A002000000000DC1A002084200020ED
:1067D0000000000000B5030083B0002910D00020A5
:1067E000012B07D80A78002A04D00C48C254012093
:1067F000012A01D003B000BD1800FEF721FFF9E720
:1068000001236A46002001A99380FEF719FF0028A2
:10681000F0D00122014B1A70ECE7C0465C21002049
:1068200070B5040023780800DB070E00DD0F002B95
:1068300016D123785B0701D5280070BD012149429C
:1068400006F01EFE2378DB07DD0F002B0AD123782C
:106850005B0708D40422237801251343237002E048
:106860000025E9E70025300006F032FEE4E7C046E7
:1068700070B50D00012104004942280006F000FE19
:1068800023785B07DE0F002B04DB280006F020FED8
:10689000300070BD2378DB0704D4042223789343AF
:1068A0002370F2E70026F0E7437902791B021343D5
:1068B000C2785B0592075B0D920F022A1AD0032A59
:1068C0000BD00020012A07D102394A425141104A17
:1068D000891899424041C0B2704702394A1E91411D
:1068E0000C4A4942114080220020D2008918994266
:1068F0004041F1E7022904D0002040229A42404161
:10690000EAE7054A981843425841C0B2E4E7C04656
:10691000FF03000040FCFFFF00FEFFFF84468818D5
:1069200030B51C00814206D24A78052A04D00A7884
:1069300089188842F8D830BD7F228B781A405200DF
:106940006244DB09D4540A7889188842ECD8F2E70B
:10695000F0B5C64600B598466B461E7E80230400FF
:106960000F0015001B029A4226D8C068002803D0E9
:106970000121494206F084FD2069002803D001214D
:10698000494206F07DFD42465204F303520C134384
:10699000E3800023E06863812760A58023810028CD
:1069A00001D006F095FD2069002801D006F090FD89
:1069B000012080BCB846F0BD0020FAE70389418978
:1069C0009C4682889BB288B28C4507D31B1A9BB227
:1069D000101C9A4200D9181C80B270475100091A45
:1069E0005B189BB2F4E7C04603894089181A4342FA
:1069F0005841C0B27047C046038941899C4682888D
:106A00009BB288B28C4507D31B1A9BB200209A42D6
:106A100001D9D21A90B270475100091A5B189BB283
:106A2000F4E7C04670B5040000690D00002803D0EB
:106A30000121494206F024FD238962899C4698B2CF
:106A400091B2A388944532D3421A92B2002A27D039
:106A5000934208D298422FD3C01A81B261818B42EF
:106A600003D8C91A89B28B42FBD9E2882368520441
:106A7000520C514328005918FCF76CF96189012523
:106A80004A1C92B2A38891420DD900225B00D21A0F
:106A900020696281002801D006F01AFD280070BD2F
:106AA0000025628992B25B009A42F1DBEFE75A005F
:106AB000521A821892B2C9E7C01881B26181CEE73A
:106AC000F0B54646D6464F46C0B5060000698A4630
:106AD000904682B0002803D00121494206F0D0FC44
:106AE00031897289B5888BB294B2914255D31F1BFC
:106AF000BFB2002F4BD0BD4205D2AB4252D25B1980
:106B00009CB22F0074814346B8453ED89FB2A5423F
:106B100003D8641BA4B2A542FBD9F28831685204A1
:106B2000500C020062432B1B9BB28918019002009B
:106B30009F4225D943439BB21A0050469946FCF721
:106B400009F95046019A7D1B641954433168484441
:106B5000A2B2FCF7FFF87189B588CB199BB26A0025
:106B6000994216D99B1A30697381002801D006F02A
:106B7000AFFC380002B0E0BCBA46B146A846F0BD52
:106B800050467A43FCF7E6F8E5E73B1CBEE773891D
:106B90009BB26A009342E6DBE4E76F003F1BDF191C
:106BA000BFB2A6E75B1B9CB2ABE7C046F8B50400DA
:106BB000C0680F00002803D00121494206F060FCA4
:106BC000258920896189A288ADB283B28EB28842BC
:106BD00028D39B1B9BB29A4209D8E679F60906D1C5
:106BE000E068002801D006F073FC3000F8BD2B00EF
:106BF00095421CD39B1A9BB29342FBD2E288206839
:106C00005204520C53433900C018FCF7A3F86B1C14
:106C10009BB2A2889D4216D9002352009B1A0126DE
:106C20002381DDE75100891B5B189BB2D3E7E28823
:106C300020685204520C53433900C018FCF78AF8FC
:106C40000135A288ABB252009342E8DBE6E7C046CA
:106C5000F0B54E464546DE465746E0B58946050046
:106C6000160083B0002A6BD0C068002803D0012131
:106C7000494206F005FC2F89EA79BBB298466B8938
:106C8000AF889BB2D2093DD1984562D27A00D31A1F
:106C900043449BB2BB4261D2FB1A1A1C9BB2B34263
:106CA00000D9321C96B2F31B01934346F3189BB2F2
:106CB0009B46EA884446B84503D3E41BA4B2BC42D1
:106CC000FBD252043B1B570C3A00624328689BB22C
:106CD0008018B34256D33A0049467243FCF73AF85B
:106CE000AB885B00D84501D89B4502DB5A46D31AD6
:106CF0009B465B4637002B81E868002821D006F0D0
:106D0000E7FB1EE0BE422BD298454CD34246D21A36
:106D100092B27900F01B921901908A42C5DBDA1910
:106D200092B29346921B92B29046934240D9434608
:106D3000591A8BB29846F3189BB29B46EA88B9E77A
:106D40000027380003B0F0BCBB46B246A946A046B7
:106D5000F0BD4246D31A9BB2BB429DD30027CBE77E
:106D6000002FC9D0CC46EA88F61B5104490C714368
:106D700098468C44D919002389B2E1468B463E00DF
:106D8000019397E77B439BB21A0049469A46FBF76B
:106D9000E1FF4946019B2868E2187A43514492B2C8
:106DA000FBF7D8FF9CE77900CA1A424492B2B1E7D8
:106DB0009142BCDDC2E7C04610B50400C06800289F
:106DC00003D00121494206F05BFB2069002803D073
:106DD0000121494206F054FB0023E06863812381CE
:106DE000002801D006F074FB2069002801D006F0CD
:106DF0006FFB012010BDC04670B50400C0680D00D7
:106E0000002803D00121494206F03AFB20690028FE
:106E100003D00121494206F033FB7F21E279EB01E7
:106E20001140E0681943E171002801D006F050FBE1
:106E30002069002801D006F04BFB012070BDC04640
:106E4000F0B5454680463C4B4E4643445A1E93415E
:106E5000DE4657468022E0B55B421B0C92021B04C3
:106E60009B18364A83B01360354A8946354913600A
:106E70001D000A689543FBD10620FAF77FFD4346C3
:106E80005A6802231A4000922F4A80264244136017
:106E90004B468246D90D580201920B000200022493
:106EA000760006E0924506D3023412184B41B442F4
:106EB00001D0002BF6D080272602361B7F0002E08F
:106EC000361B012F36D031005046BB46013FFAF742
:106ED000B5FF8145F4D2594661433D0243461C61EA
:106EE0001B68FF226B40802512026D011340454450
:106EF000164A2B60009B4244136002204346019CCB
:106F00005B6820604446266807246640C8343440E5
:106F10002C600324034013600D4B43441C6010603D
:106F20005046FAF78BFF03B0F0BCBB46B246A94609
:106F3000A046F0BD2100D1E70000FCBF00E000400A
:106F400000F0004008C000400430000004200000B1
:106F50002420000010B50B0C140C002B30D1002C99
:106F600044D18BB291B2594300F064F8041E3BD077
:106F70000300083B5A6803239A43043A242A13D88F
:106F80000300132A0BD90023036043601B2A10D986
:106F900000238360C360242A31D003001033002211
:106FA0001A605A609A6002E00021FBF7CDFE2000D3
:106FB00010BD0300002208331A605A609A60F6E799
:106FC000002C16D1141C89B292B24A43A4B29BB2CF
:106FD0006343110C5B18190C0BD1190492B21143C5
:106FE00000F028F8041EC3D10024E0E7231C0C1C89
:106FF000E9E700F0F7FF0C2300240360D7E7002245
:107000000300026118334261C9E7C04610B5034B63
:107010000100186800F00EF810BDC046541600209C
:1070200010B5034B0100186801F0C4F810BDC0464C
:1070300054160020F0B54E46DE46574645460C0035
:10704000E0B50B34814685B0162C21D8102900D923
:10705000D0E000F0A1FA102418230221C94DEB184A
:107060001A005F68083A974200D172E103227B68F8
:10707000B9689343FA68CA6091600121FB185A68A5
:1070800048460A435A6000F08FFA38000830B5E0ED
:1070900007239C4300D5ADE0A14200D9AAE000F04F
:1070A0007BFAFC235B009C4200D2B9E1610A00D16B
:1070B000ABE0042900D980E138239C46A1098C4427
:1070C000E0463931CB00082252429446AD4DEB18D0
:1070D0009C446346DF68BC4512D00B000326614622
:1070E0009C4607E0F868002A00DB2CE1814200D1D1
:1070F0002DE107007B68B3431A1B0F2AF2DD4146DE
:107100002A002F690832974200D10BE103207B68E7
:107110008343181B0F2800DD86E12A616A6100287D
:10712000ABDA6A68944680229200934200D316E15B
:10713000DA08580901238340604618438446D30087
:107140005B199A686860FB60BA609F60D760012035
:107150008B10984060455FD8634603420AD10323F1
:107160009943634640000431034203D14000043197
:107170000342FBD00323A8469C4683460D00E8004B
:1071800040440600AA46F3680BE061465A688A4309
:10719000171B1900DB680F2F00DD1BE1002F00DB40
:1071A0002FE19E42F1D1534601339A4608369B07A0
:1071B000E9D1032205E003680838013D834200D08D
:1071C000E2E12A42F7D14246594653688B43536065
:1071D0005A46520093469A421DD8002A06D11AE018
:1071E0005246043292465A46520093461342F7D012
:1071F0005546C4E70C234A461360002005B0F0BC96
:10720000BB46B246A946A046F0BD80233F2240219E
:1072100090469B0057E745460322AF687B6893433F
:107220009A46A34202D31B1B0F2B7EDC564B082031
:107230001B6810331E1900F0E3FE544B8346019384
:107240001B68013304D0731E1B18424213401E00FA
:107250003100484600F0A0FE8046431C00D1FDE00E
:107260005346FB18834200D9F6E0494A116802925E
:10727000891911605A46013A834200D139E10198D7
:107280000068013000D13FE14046C31A5B18029903
:107290000B6041460723080018400190194200D1B5
:1072A000F9E0C446310001331B1A9C446144039148
:1072B0005B4411405B1A1A4011004846E046160034
:1072C00000F06AFE431C00D13AE1029B196889195B
:1072D00019604346C21A012092190243AB605A60FA
:1072E000AF4213D053460F2B00D811E107220C3BBD
:1072F00093437A68024005201A437A60FA18506076
:1073000090600F2B00D921E143465A68214B186841
:10731000884200D21960204B1868884200D2196058
:1073200047469DE06B689C4611E70122210013430C
:1073300011433C1979604846AC60636000F034F951
:10734000380008305AE7BA68D060826095E6614636
:10735000D6E6DF680231BB4200D1D1E686E65A0AA2
:10736000042A73D9142A00D9A7E010005C325B30DC
:10737000D200AA18083A160092688846964210D1A0
:1073800081E0C04640120020401F0020381200203B
:10739000101F0020381F00203C1F002092689642DA
:1073A00004D00321506888439842F7D84146D668F4
:1073B000FE60BA60B760D760C9E614295CD9542969
:1073C00000D982E06E239C46210B8C446F31E0464D
:1073D000CB0078E601200E0045460919044374608D
:1073E000B4680835E36038439C60A960E960486090
:1073F000CD6048468D60B75000F0D6F830000830B8
:10740000FCE601200C008A185168083401435160E1
:1074100022684846D3609A6000F0C6F82000EDE686
:107420002300E108083319E60126391934437C604A
:1074300029616961CA608A60320002434A60F8507B
:10744000484600F0B1F838000830D7E69A09100035
:1074500039323830D2008CE7AF4242D0AF687A6818
:1074600003239A43131BA24202D30F2B00DD5CE7D8
:10747000484600F099F8C0E65B239C468C445C319A
:10748000E046CB001FE6012380108340604618438E
:10749000844668608CE733005946434401931340A7
:1074A000CB1A1A4011004846160000F075FD431C27
:1074B00000D00AE70026019807E7542A2BD81A0BB8
:1074C00010006F326E30D20053E7AA235B0099425E
:1074D0002BD8DD3B9C46E10B8C447831E046CB0059
:1074E000F1E52B4A11680292891911605A46013A56
:1074F000C5E6104200D0C2E652460123A8689219A0
:107500001A438046426001E74146019B1960C0E68C
:1075100043465860ACE7AA204000824221D8DA0BEB
:10752000100078327730D20023E71A4B994221D8E5
:107530007C239C46A10C8C447D31E046CB00C2E507
:107540000198039B083800261818BEE63900484603
:10755000083100F02FFE029B1968AB6898465A6804
:10756000D4E60C4882420BD89A0C10007D327C3055
:10757000D200FEE6FE237E227F2190469B00A2E5FC
:10758000FE227E209200F4E643465B6820E6C04679
:10759000101F00205405000010B5024800F02CFD1B
:1075A00010BDC046081F002010B5024800F026FD9F
:1075B00010BDC046081F002010B5034B0A00010093
:1075C000186800F003F810BD54160020F0B54546C9
:1075D0004E46DE465746E0B580460D00914683B0E4
:1075E000002900D1A3E04C460B34FFF7D5FF162C41
:1075F0006CD81024A1456CD82F00083F796803236C
:107600000E00BB469A469E43A6426DDAB819B84AA8
:107610004368019200939368009A834200D199E0F5
:1076200001239A4394468444624652681A4200D029
:1076300072E05346009A9A43B3189C469C424EDD32
:1076400001230B4210D139687B1A596800935346C5
:107650009943521893199A469C4200DCC0E0731873
:107660009A469C4200DCBFE049464046FFF7E2FCF8
:107670008146002800D10CE1594601224B68934312
:107680000200CB18083A934200D1D2E0043E242EE7
:1076900000D9D3E003002A00132E09D92B68036018
:1076A0006B6843601B2E00D9CDE00300083208331D
:1076B000116819605168596092689A6040462900C3
:1076C00000F078FD4046FFF76FFF1DE007239C4365
:1076D00090D50C23424613600023994614E0664679
:1076E000C3688268D3609A6001227B68311B1340B3
:1076F000B8190F2920D833437B6043681343436094
:107700004046FFF751FFA946484603B0F0BCBB46D0
:10771000B246A946A046F0BD01230B42A4D15B4668
:107720001A689B1A596800935346994397E71100CA
:10773000FFF780FC8146E7E73E19234311437B6056
:10774000716031004368083113434360404600F0E4
:1077500031FDD5E7534620009A43931910309C46DB
:1077600083427ADAC90700D57EE739687B1A5968FF
:10777000009353469943521893199A46984200DD54
:107780006DE70099CB688A68D3609A600B00321F5E
:1077900008339946242A00D990E0132A09D92B6886
:1077A0008B606B68CB601B2A00D98CE010310B001A
:1077B00008352A681A606A685A60AA689A60009850
:1077C000019B01199960534601221B1B13434B6017
:1077D00043681340234343604046FFF7E5FE93E7C9
:1077E000C3688268D3609A6000990F008A68CB688A
:1077F0000837D3609A60321F242A15D83B00132A19
:1078000008D92B688B606B68CB601B2A36D8103187
:107810000B0008352A681A606A685A60AA689A607C
:107820003D005646009F5FE72900380005F018FE2E
:10783000F6E703225B689343F61855E73200290008
:1078400005F00EFE3AE7AB688360EB68C360242E58
:1078500023D00300103210332AE7019B39199960B5
:10786000634601221B1B13434B607B684046134059
:1078700023437B60FFF798FEA94645E7AB68009974
:107880000B61EB684B61242A0FD00B0010351833C5
:10789000C0E74046FFF788FE1EE72B6918320361F8
:1078A000030069691833416102E72B6900998B6114
:1078B0000B006A692033CA611835ABE7290018004C
:1078C00005F0CEFD7BE7AB6800990B61EB684B617F
:1078D000242A03D00B00103518336AE72B6900996E
:1078E0008B610B006A692033CA61183561E7C046B5
:1078F00040120020F0B5C64600B50C228B5E8046D3
:107900000C001A0754D48021626809011943A1812F
:10791000002A00DC6DE0A56A002D45D042464046B5
:10792000166800220260DB0468D400220123E169AA
:10793000A8470200431C00D16DE00C23E15EA56A5C
:10794000490706D56368D21A236B002B01D0E36B7D
:10795000D21A0023E1694046A8470C23E15E431C8C
:107960004ED143461A681D2A61D8324BD340DB07FB
:107970005DD5314B0B40A3810023636023692360F5
:10798000C90403D543461B68002B42D04346216BF4
:107990001E60002908D023004033994202D040469F
:1079A00000F008FC00232363002080BCB846F0BD33
:1079B0000E69002EF8D00D680022AD1B0E609B07EB
:1079C00000D14A69A260002D04DCEDE736182D1ABB
:1079D000002DE9DD2B0032004046E169676AB847B7
:1079E0000028F3DC4022A38913430120A3814042F5
:1079F000DBE7E26B002A00DD8DE7D5E7226D9FE72C
:107A00000D4B0B40A3810023636023692360C904ED
:107A1000BCD52065BAE743461B68002B00D18CE734
:107A20001D2B01D0162BDDD143461E60BCE7402341
:107A30000B43DAE701004020FFF7FFFF70B50500B8
:107A40000C00002802D0436B002B27D00C22A35E31
:107A5000002B11D0626ED20701D49B050ED52800F1
:107A60002100FFF747FF636E0500DB0702D4A389FF
:107A70009B050FD5280070BD0025FBE7A06D00F029
:107A8000BBFA28002100FFF735FF636E0500DB0716
:107A9000F0D4ECE7A06D00F0B1FAEBE700F0F4F8F9
:107AA000D4E7C04670B5041E2AD0194B1D68002DBE
:107AB00002D06B6B002B17D00C22A35E002B11D0D1
:107AC000626ED20701D49B0512D528002100FFF772
:107AD00011FF636E0500DB0702D4A3899B050BD55C
:107AE000280070BD0025FBE7280000F0CDF8E3E793
:107AF000A06D00F081FAE8E7A06D00F07FFAEFE7F3
:107B0000044A0549054800F0EBF80500E8E7C046DF
:107B100054160020481600203D7A00105816002008
:107B200010B5034A0349044800F0DAF810BDC04616
:107B3000481600209DA000105816002041680B4BED
:107B400010B50400994201D002F0A8FAA168084BD0
:107B5000994202D0200002F0A1FAE168054B994257
:107B600002D0200002F09AFA10BDC046441F002047
:107B7000AC1F002014200020F0B53A4C3A4B3B4A91
:107B8000200083B000251A600423082200215C3005
:107B9000E36025606560A560656625616561A56136
:107BA000FBF7D2F82000324F324E334B3349583076
:107BB0000093236201916162E461A762E66200F0D2
:107BC00017FACC23E5502E4B200063678023082250
:107BD0000021C430E550A566E5662567A567E56721
:107BE000FBF7B2F82200842320006832E250009AAA
:107BF00001990433E2500433E1500433E750C030BC
:107C00000433E65000F0F4F9D0232000E5500433AB
:107C1000E5500433E5501B4A5C33E550583BE250D5
:107C20000433E5502D300433E5500822043300219D
:107C3000FF30E550FBF788F82000EC23D030E0500F
:107C40002000009A01990433E2500433E1502930B6
:107C50000433E750FF300433E65000F0C9F903B0B5
:107C6000F0BDC046441F00207C200020217B001076
:107C7000ED7E0010197F0010817E0010AD7E001097
:107C8000090001001200020070B50500094C200037
:107C900000F0B2F96B6B002B05D1074B6B63074B00
:107CA0001B68002B03D0200000F0A8F970BDFFF77F
:107CB00063FFF8E70C1F00203D7B00107C200020B4
:107CC00010B5024800F098F910BDC0460C1F002006
:107CD00010B5024800F092F910BDC0460C1F0020FC
:107CE000F8B54746CE46884680B58146170000263F
:107CF0007D68013D0ED4BC68A389012B07D90E22F3
:107D0000A35E013303D021004846C04706436834D0
:107D1000013DF1D23F68002FEAD13000C0BCB94626
:107D2000B046F8BDF0B5C64600B51D0086B0984611
:107D300001AB039301235543060017000C9C0191EE
:107D4000029505950493002802D0436B002B52D076
:107D50000C21635E0121626E114215D0980432D469
:107D6000802189010B43A381274B1A4062660123BE
:107D7000910410D5134202D1A3899B0530D5002070
:107D800006B080BCB846F0BD980520D59804E7D56C
:107D900052131142F0D103AA2100300002F0E8F999
:107DA0000122636E134000281ED0002B05D1A38949
:107DB0009B0502D4A06D00F021F905983900281A1E
:107DC000FAF73CF8DCE752131142D8D1E3E7A06D93
:107DD00000F012F90C22A35E626E9904C7D4BFE7CB
:107DE000A06D00F00BF9CAE7002B02D1A3899B0517
:107DF00004D54046C4E7FFF747FFA9E7A06D00F0B0
:107E0000FDF84046BCE7C046FFDFFFFF844600B5F3
:107E1000054883B00068009313000A006146FFF72D
:107E200081FF03B000BDC046541600200EB470B5EB
:107E300081239DB06A46002521AC9B0040CC9382F3
:107E40001B950290069000F02DF90B4B6A460A93A1
:107E500001235B42D382094B0390079032001868DC
:107E600002A923000E951395019400F0F1FB1DB0BB
:107E700070BC08BC03B01847A97E0010541600203F
:107E800070B50C000E25495F00F072F8002803DB86
:107E9000236D1B18236570BDA389024A1340A3817B
:107EA000F9E7C046FFEFFFFF00207047F8B5160066
:107EB0001F000C228B5E05000C00DA050AD40A4A6A
:107EC00028001340A38132000E23E15E3B0000F046
:107ED00075F8F8BD00220E23C95E022300F034F8C5
:107EE0000C22A35EEBE7C046FFEFFFFF70B50C006E
:107EF0000E25495F00F028F80C22A35E421C05D035
:107F00008022520113432065A38170BD014A1340B2
:107F1000FAE7C046FFEFFFFF10B50E23C95E00F081
:107F200001F810BD002370B5064C05000800236061
:107F3000FCF74CFB431C00D070BD2368002BFBD02A
:107F40002B60F9E7EC23002070B505000800110054
:107F50000022064C22601A00FCF73CFB431C00D0B8
:107F600070BD2368002BFBD02B60F9E7EC230020C9
:107F700070B50500080011000022064C22601A00AE
:107F8000FCF704FB431C00D070BD2368002BFBD022
:107F90002B60F9E7EC230020002370B5064C0500A8
:107FA00008002360FCF7D8FA431C00D070BD23689A
:107FB000002BFBD02B60F9E7EC23002070B5050007
:107FC000080011000022064C22601A00FCF7EEFAAD
:107FD000431C00D070BD2368002BFBD02B60F9E759
:107FE000EC230020014B18687047C046541600204F
:107FF0007047C0467047C0467047C0467047C0468D
:10800000802310B55B01082801D1180010BDFFF7CF
:10801000E9FF16230360173BF7E7C046024670B539
:108020000A4392072AD11E4DEE0104C808C9541B09
:108030009443344017D0D0B2D9B2401A210601433C
:1080400010D190B299B2401A210401430AD1100212
:108050001902000A090A401A2102014302D1100E36
:10806000190E401A70BD9A42DFD010BA19BA884270
:1080700001D9012070BD0020C04370BD02780B788B
:1080800001300131002A09D09A4207D102780B78D9
:1080900001300131002A01D09A42EFD0D01A70BDD0
:1080A00001010101030084469B070BD0030003215B
:1080B00002E001330B4206D01A78002AF9D1624659
:1080C000981A7047030019680C4A0D488A188A43A9
:1080D00002420FD15968094A04338A188A4302427E
:1080E00008D15968054A04338A188A430242F1D0FC
:1080F00000E001331A78002AFBD1E0E7FFFEFEFE24
:1081000080808080F0B5C646050000B58046082016
:108110000C00FFF775FF06002800FFF73DFA224F1D
:108120003100BB685D6803239D4328001138001BA4
:108130008019F9F783FE441E7443A64207DC002130
:108140004046FFF729FFBB685B19984206D04046BE
:10815000FFF72AFA002080BCB846F0BD40466142D5
:10816000FFF71AFF01300DD001222D1BBB6815430C
:108170000E4A5D60136840461B1B1360FFF714FA3C
:108180000120E8E700214046FFF706FFBA68831A9E
:108190000F2BDCDD064C05492468001B086001211B
:1081A0000B435360D3E7C04640120020101F00204D
:1081B00038120020F0B5C6460C00804600B50029F4
:1081C00040D0FFF7E9F9210008394E680125330056
:1081D0000320AB43CA1894465268824328003040BB
:1081E000070064488468644500D171E064466260B9
:1081F000A41864682C40002F27D10E685E4F891B9D
:108200009B198E68BE4256D0CF68F760BE60002CC6
:108210001DD062461D434D60136080229200934240
:108220002DD2DA085C090123A3404468234343604C
:10823000D3001B189A68CB608A609960D160404671
:10824000FFF7B2F980BCB846F0BD002C0FD19B18E7
:10825000624601249268484D1C43CE18AA4259D068
:108260006546ED68D560AA604C603360D5E762462C
:1082700035434D601360802292009342D1D35A0A55
:10828000042A3DD89A09140039323834D6008619A8
:108290003268083E0325964203D14CE0926896422C
:1082A00003D05068A8439842F8D8D668CE608A6058
:1082B000B160D160C3E7002C33D1D2186046634669
:1082C0008068DB681543C36098604D608A50B6E7EC
:1082D0009A18002F06D10B68C91A8C68D218CB687F
:1082E000E3609C60012313434B60244B81601B6857
:1082F0009342A4D8224B40461968FFF703FF9EE73C
:10830000142A13D9542A1DD81A0B14006F326E3454
:10831000D600BCE7D1609160CA608A604C6033606F
:108320008DE762461D434D60136088E714005C32A0
:108330005B34D600ABE70123A410A3404468234379
:108340004360B3E7AA246400A24205D8DA0B140004
:1083500078327734D6009AE70A4CA24205D89A0CB4
:1083600014007D327C34D60091E7FE267E24B600D0
:108370008DE7C04640120020481200203C12002029
:10838000401F002054050000F0B54E465746DE461B
:1083900045468A46E0B50C0091461E00082183B090
:1083A0000190464823001D780134425D1142F9D105
:1083B0002D2D5ED0002293462B2D33D0002E07D1D9
:1083C000302D62D00A23052198460A263C4F0DE045
:1083D000102E53D0012031004042F9F72FFD070045
:1083E000012031004042B046F9F728FD002200206C
:1083F0002B00303B092B07D9113B192B03D92B003C
:10840000613B192B11D80A339E420EDD551C06D054
:10841000B84221D81ED04246504301221818257870
:108420000134E5E725789C1CC8E7531C17D05B4650
:10843000002B00D040424B46002B04D0002A15D11F
:108440004B4652461A6003B0F0BCBB46B246A94642
:10845000A046F0BD8B42DEDD01225242DFE722233F
:10846000019910000B604B46002BECD0631E9A461E
:10847000E6E725789C1C01239B469FE7302D0FD013
:1084800010230F2198460F4FB0E720222378934303
:10849000582B0AD00823072198460B4F0836A5E72A
:1084A000202223789343582BEAD1102365780F219B
:1084B00098461026034F023498E7C0461DDE001090
:1084C00099999919FFFFFF0FFFFFFF1F10B5FFF7E5
:1084D0005BFF10BD70B50D0014004B1C1BD09389C1
:1084E00020229343A381FF23226B0B401E0063686D
:1084F000002A13D0626B9A4208DD2368013B236097
:108500001D70636801336360300070BD210001F0AD
:10851000F3FF0028F1D001267642F5E721692268B1
:10852000002905D0914203D2511E0878B0420ED0E6
:10853000E363230040332363032363633F33A26376
:10854000E55423004233236001236360DCE70133F9
:1085500021606360D8E7C04610B50C00096B0029A4
:108560000FD023004033994201D0FFF723FE0023B0
:108570002363E36B6360002B03D00020A36B2360B5
:1085800010BD0022202101206260A28923690A43D4
:10859000A2814042F3E7C046F0B5DE4657464E465C
:1085A000454682461800E0B5504383B00E009B4616
:1085B0000C9C002835D00023984640339C466568C3
:1085C000A4440700E1462168A8421FD90090019207
:1085D0002A003000FAF7BEFB2368216B5B19236089
:1085E00043466360002923D0494502D05046FFF737
:1085F000E1FD43462363E36B6360002B18D0A16B5E
:1086000076197F1B21601D00BB42E1D33A00300088
:10861000FAF7A0FB58466368DB1B63602368DB192D
:10862000236003B0F0BCBB46B246A946A046F0BDED
:10863000236920212360002300986360A389019AA5
:108640000B4328181100A381C01BF9F7F7FBE8E7DB
:10865000F0B5DE46574645464E4693468022E0B585
:108660000D00CB4C9201A54402AFFB63F8650C23CF
:10867000C95E6B6E114204D10A43AA81C54A1340F8
:108680006B669B0401D501F09EFC0823082058333B
:108690003818082218180021FAF756FB0023002288
:1086A0005C469B46BA64BC4A7B62BA65BB4A3B6483
:1086B000BA63BB4AFB617B64BA62E623BA6D5B00B6
:1086C000D65802F02BF8082108228C465832BC44B8
:1086D000624454310092083103002200F86DC91938
:1086E000B04700285DDB7B6E002B41D002002418D0
:1086F000012865D0252B1FD00028DED0A21A5946AC
:108700005844521AA146904604005E466B68002BFE
:1087100022DD43462A689B5D1178994228D16B6817
:108720000132013B01366B602A60A642EFD1B346AD
:108730004C46C2E701200122002300269A469446B7
:10874000804621780B00253BDBB2621C552B0FD8ED
:10875000B86B9B00C3589F462900F86DFFF7FCFEDD
:108760000028D6D0BB6C002B3FD0AB895B063CD435
:108770003B6C002B0AD0BB6C013301D101F080FCB3
:108780003B6C1868002801D0FAF7D2FABD46B86CE5
:10879000BD239B009D44F0BCBB46B246A946A04603
:1087A000F0BD804B08207B66082338185833181812
:1087B00008220021FAF7C8FA7B6E002BD8D00134CA
:1087C000BA6AD25C12072FD4252BB3D00120621EC7
:1087D00095E73307CCD161781400B3E73307C7D1ED
:1087E000022361781E431400ACE73B6C002B01D1DF
:1087F00001F0E9FBDB883B653B6C18683B6D002BA7
:108800000ED0050000240026814698462B680134CE
:108810001868FAF78DFA08CD1E604445F6DB484625
:1088200001235B42BB64ADE7BA6AA14608265C46F9
:1088300090466B680BE041462A681378CB5C1E4279
:108840000DD06B680132013B01346B602A60002B54
:10885000F1DC2900F86DFFF77FFE0028EBD0A3467E
:108860004C462AE78F23334200D081E753469B00D2
:1088700053445B005B18302149428A4661789A4430
:1088800014005FE76B687A63002B01DC01F00BFBDF
:10889000042399462A68424C1378E35C1B0725D5CC
:1088A0000823984623005C46B3461E0007E0414675
:1088B00001322A6013780134F35C194212D06B68DC
:1088C000013B6B60002BF2DC2900F86DFFF744FEE2
:1088D000002800D046E741462A6801341378F35C4B
:1088E0001942ECD133005E46A3461C004B46022BD6
:1088F00001D100F009FE032B01D100F04AFDF86D13
:1089000001F014FF0368B22219005346013B5200E4
:10891000934201D201F01CF89246643BFF3BFB609E
:10892000F023DB001E4300233B65FB647B613B615E
:10893000FB62BB612933FF339C46D03B9846503BDA
:108940009946B944C844C4446346B146E0465E46CD
:108950008B463B62144B3B632A6811780B002B3B20
:10896000DBB24E2B00D933E3386B9B00C3589F46D4
:1089700080239B001E436B687A63002B00DCAEE211
:108980000A4B7B6210237B640D3B994682E7C0460D
:1089900004FDFFFFFFDFFFFF5818002020DF00105D
:1089A0001DDE0010FDFF000078E00010CD840010F7
:1089B0006B687A63002B01DC01F06BFA5346D046FA
:1089C000002B01D101339846F30701D501F056F988
:1089D000F30601D501F0A5F8FB6B1C68360601D43F
:1089E00001F023F8002C00D1C2E64046FAF77CF9EA
:1089F0008146002800D1F8E63B6C2060DA883A65B1
:108A00009E88B24201D301F080F918683A6D396C42
:108A1000531CCB8093001C500095434601224946CD
:108A2000F86DFFF7B9FD061E01D101F021FB80456D
:108A300006D931002068FAF769F9002800D02060D3
:108A4000FB6B7C6B0433FB63BB6CB3440133BB64D3
:108A500033E66B687A63002B01DC01F049F9734B54
:108A60007B620A237B64073B994613E7330700D0F8
:108A70007EE66178682901D101F0F4F8042314003E
:108A80001E435FE641246B687A633443002B01DCAC
:108A900001F0EBF95346D046002B01D10133984643
:108AA00010231A002240FA64234201D001F032F868
:108AB000FB6B04CB3A63FB63240601D401F09BF902
:108AC000002A00D154E68020FAF70EF981460028EA
:108AD00000D18AE63B6B18603B6CDA883A659C886B
:108AE000A24201D301F055F818683A6D396C531C55
:108AF000CB8093003A6B1A504B463B622023FB62BB
:108B000094235B003B60D03B9C46503B9A463B68BD
:108B1000BA44D444634400249A46FE693B6001F0A1
:108B2000FDFDA04200D11DE651462B68621C3A654E
:108B30001A7801330A556A682B60013A20236A606B
:108B400008225833BA189C18032E03D10833FB5857
:108B5000042B04D0082200212000FAF7F5F8009435
:108B6000524649463B6DF86D03F05EF80600431C23
:108B700000D1F7E5002800D00EE23B6D9B440123B5
:108B80005B429844FB6C002B0FD14A4613603B6B51
:108B9000002B08D04B463A6A9C1AFA6AA3109342FB
:108BA00001D300F073FE042399446B68002B0ADDA7
:108BB0004346002B0DD00024B1E7FB6C002BE6D020
:108BC0006B68002BF7DC2900F86DFFF7C5FC002867
:108BD000EED0FE613B6B002B08D04B463A6A991AE7
:108BE000FA6A8B10934201D201F0B2F8FB6C7C6BF5
:108BF0005A425341BA6C94469C446346BB645CE55C
:108C00006B687A63002B01DC01F01DF9074B7B6276
:108C100000237B64033399463CE66B687A63002B40
:108C200001DC01F00EF9024B1AE7C04695B80010BE
:108C3000CD8400101100282308225833BA18981840
:108C400001F016FC6B680400002B01DC01F003F955
:108C50005346002B02D101235B429A4601231A009E
:108C600032409046102232403A63334201D100F044
:108C700087FD002A01D000F00DFFFB6B04CB3A62A8
:108C8000FB63360601D401F0C6F8002A00D16FE577
:108C90008020FAF729F8F864002800D1A5E53B6A9E
:108CA000FA6C1A603B6CDA883A659E88B24201D34E
:108CB00000F0C4FF18683A6D396C531CCB809300E8
:108CC0003A6A1A50FB6C7B612023BB6100239846F3
:108CD0005B46FE693B607C60444601F01FFDA0429C
:108CE00000D13FE508202B68621C94219046844601
:108CF0001A7801332B6010234900BC445831614479
:108D00009C4648339946503B9B46BB44D944CC448F
:108D100063460A556A683B65013A6A60032E02D1D0
:108D20003B6F042B04D008220021386DFAF70CF8B1
:108D30000821434694228C46FB623B6D520000930F
:108D4000FC6CBC44583243462100F86D624402F08A
:108D50006BFF0600431C00D104E5002800D02EE183
:108D600020600024182308205833381808220021D6
:108D70001818F9F7E9FFE423BA6D5B00D258082010
:108D80007A6308229446B13BFF3BBC4458336344AA
:108D9000202184465831BC442200F86D7C6B61442C
:108DA000A0470024012806D10822202394465833E6
:108DB000BC4463441C780822282394465833BC449E
:108DC00063441B5D002B01D101F071F83B68434403
:108DD0003B60032E1BD001235B429A443B6B002B6C
:108DE0000DD1FB6C3A6A0433FB64002A07D07A6920
:108DF0009C1ABA69A310934201D300F058FC6B6827
:108E0000002B0EDD5346002B11D0002465E73B6D8F
:108E10001B68042BDFD13B6B002BE2D06B68002B6F
:108E2000F3DC2900F86DFFF797FB0028EAD03B68D8
:108E30007C689B46FE613B6B002B00D03DE4FA6CE6
:108E400013603B6A002B0ED07B69D11A8B10BA6974
:108E500001339A4207D93E6A04313068F9F756FF68
:108E6000002800D03060BB6C0133BB6425E40123D3
:108E70001E436B687A63002B01DC00F0D8FFB54B12
:108E80007B6208237B64053B994603E501231E436F
:108E90006B687A63002B00DDE1E52900F86DFFF7D0
:108EA0005BFB002800D1DAE55CE46B687A63002B99
:108EB000E5DCA84B7B6208237B64053B99462900CF
:108EC000F86DFFF749FB002800D1E3E44AE488236A
:108ED0009B001E436B687A63002B00DD50E5290080
:108EE000F86DFFF739FB002800D149E53AE46B68DB
:108EF0007A63002B01DC00F096FF02239946C9E457
:108F000014007A63F30601D5FFF7D7FBFA6B08CAA2
:108F1000FA63320701D500F0F3FE720701D401F0C5
:108F20001FF85A461A80FFF7C8FB330700D01FE42A
:108F300061786C2901D100F09BFE012314001E43CF
:108F4000FFF700FC8F2319003140334201D0FFF7B7
:108F50000FFC3B6C002B01D100F010FF80231E435F
:108F600039E46B687A63002B01DC00F088FF012391
:108F70001E43013399468DE4534633439A4601D04C
:108F8000FFF7F6FB617810261400FFF7DBFB1400F7
:108F900040466246FFF7B0FB831C00D1E6E13B6D23
:108FA0009B44032803D12368042B00D105E6012349
:108FB0005B429844FB6C002B00D1E8E5F5E5831C8F
:108FC00000D15CE3FB6C1C68631C00D0CAE6F2E6CF
:108FD0004B469B0563D55B461B788B425FD153465E
:108FE0000024B246BB605E4607E001322A60117879
:108FF000335D994218D101239A44A3460134335D6D
:10900000002B01D100F08FFC6B68013B6B60002BE3
:10901000EBDC2900F86DFFF79FFA002804D12A68DD
:10902000335D11789942E6D032005B46D346CA469A
:10903000A94615003B633C6BFE6D295D4A46300036
:10904000FFF748FA013CF8D25B463A6B56469B1A4A
:109050004D469B4625E04B461B0520D5FB6C3A6DE3
:109060009B18002B1BD14A463B4B1A4000239146CC
:109070003B65FB644346197001235B429A4402330B
:1090800098446B680136013B6B60002B00DC65E1A6
:109090002B6801332B605346002B00D05CE4B346B1
:1090A0004E46FB6CFA6A013B002A74D0012B01D8B2
:1090B00000F091FF294B3A6D1E40531E062B01D83C
:1090C00000F08DFD10231A007C6B3240334201D03A
:1090D000FFF7F3FA43461A70C0238022DB003340C7
:1090E000D200934200D08CE0BB69FA6A934200D16F
:1090F0008CE09A1A43467B6108218C46184BBC448D
:1091000058337969634499420AD3164B9C465823D5
:109110009846503B9946B944C844C44463467B6171
:1091200011497869FBF7B8F970E04B461B0504D587
:10913000FB6C3A6D9B18002B95D0FB6C012BAED1CC
:109140000223FB6496E780234A461342A7D09A4342
:1091500091468FE7CD8400107FFEFFFFFFFEFFFFEB
:109160008202000081020000A0D700103B6D002B9E
:1091700000D0D0E3FB6A002B01D000F04BFCE023D1
:109180004A46DB001A409A4201D100F007FFB3467D
:109190004E46FB6C013B012B01D800F01CFF002266
:1091A0003B6DFA62013B062B01D800F03FFDF30551
:1091B00088D5730501D500F032FF01235B4243449B
:1091C000994619785B465C1E65290BD0452909D064
:1091D0002A00F86DFFF77EF902235B42434499466B
:1091E0001978013C2A00F86DFFF774F910231A0072
:1091F000A34632407C6B334201D0FFF75EFA4B4608
:109200001A703B69002B01D000F0E5FD0022396A9D
:10921000F86D02F08DFAFB6B3865796510CBFB6356
:10922000F30700D4EEE303C4BB6C7C6B0133BB6477
:10923000FFF743FA4B461B0505D5FB6C3A6D9B18AF
:10924000002B00D10FE73B6D022B00D027E7032353
:109250003B650FE74B461B0500D5FFE6A0224B46BA
:10926000D2001340013AFF3A934206D04B461342D4
:1092700000D114E7FB6A002B89D04B469B0505D42F
:10928000FB6ABA699B1A3B6143467B614A46964B2F
:109290001A401300C02252001A4300239146FB6279
:1092A000E8E63B6D072B00D0F9E608233B65E1E6D5
:1092B00098234A461B01134080225200934200D05B
:1092C000EDE6FB6A012B00D0E9E64A46874B1A40DF
:1092D0001300802212011A43914630234246137034
:1092E000313B9A44023398440023FB62C2E63B6D53
:1092F000062B00D0D3E607233B65BBE64B461B0598
:10930000ACD4CCE6FB6C002B00D0FCE2FB6A002B5B
:1093100007D1E0234A46DB001A409A4201D100F00F
:1093200045FE3B6D012B02D0042B00D0B7E63B6D10
:109330000133DBB23B659DE64B46DB0500D48DE691
:1093400080234A469A43FB6A91460133FB62FB68DD
:10935000002B00D096E3013B9A4492E62900F86D79
:10936000FFF7FAF8002800D195E698E66B68002B25
:1093700002DD3C6DFFF7D3FB2900F86DFFF7ECF839
:109380000028F6D0FE613E6D002E00D122E4FFF7EA
:10939000E9F95346B222013B00215200934203D324
:1093A000534B53441900924600233B652933FF3346
:1093B0009C46D03B9946503B9846D824B844C1447B
:1093C000CC444C4B62462401344399465646884669
:1093D000E2463A622A6811780B002B3BDBB24D2B38
:1093E00016D848469B00C3589F467B6C0A2B0FDD5E
:1093F000414B1C405346197001239A446B68013B52
:109400006B60002B68DD01322A60013E002EE1D145
:10941000D146E30508D53B6A9A4500D912E33B6A79
:10942000994501D1FFF7A4F910231A0022402342E5
:1094300014D14B46396A1A70F86D00227B6C7E6A33
:10944000B047FA6B131D9846A30600D4D3E2136805
:109450001860BB6C0133BB644346FB634A463B6AFE
:10946000D61A3B6DF618B3447C6BFFF726F9786C7F
:10947000224B4000C35E7B641F4B1C40BAE7C023F5
:109480008020DB00234080008342C1D11C4B23405D
:10949000A024E4001C4310237B64ABE78023234219
:1094A000B6D09C43A6E7786C144B4000C35E7B6447
:1094B000082B9DDCACE723059CD57B6C002B05D1EC
:1094C00080239B001C43F93BFF3B7B64630500D476
:1094D00084E20C4B1C408DE72900F86DFFF73CF847
:1094E000002892D094E7C0467FF0FFFFFFFEFFFF09
:1094F0009CFEFFFFB4E100107FF4FFFFECE20010E0
:10950000FFFDFFFF7FFAFFFF5346002B01D1013B18
:109510009A4601231A00324090461022324091466A
:10952000334200D1D5E0002A00D0BDE2FB6B04CB72
:10953000FA64FB63360601D400F065FC002A01D111
:10954000FFF716F98020F9F7CFFB8046002801D1FC
:10955000FFF74BF9FB6C18603B6CDA883A659E8824
:10956000B24200D328E318683A6D396C531CCB80A3
:109570009300FA6C1A504346FB6220233B652B682C
:109580001B78E35C1B0700D5A4E1534600267B60F3
:1095900001F0C4F8B04201D1FFF7E4F8942149008A
:1095A0003960D0398A4650398C462B683968721C2C
:1095B000BC443A63E2441A78514401338A556A68DC
:1095C0002B60FB69013A396039626A60032B00D075
:1095D00089E3202308225833BA189E180833FB5811
:1095E000042B04D0082200213000F9F7ADFB3B6BBF
:1095F0004146BB6100963A6AF86D02F015FBF861CE
:10960000431C01D1FFF7AEF8002800D0BDE342466D
:109610001060002002F03AFB002800D048E13B6BCC
:109620009B4401235B429C467B6863447B604B46C2
:10963000002B01D000F05AFC04339844FB6C002B43
:1096400001D100F0C5FC4346FA6A9E1A00223A6333
:109650003A6DB310934201D300F0CFFC6B68002B3E
:1096600001DC00F088FC2B681B78E35C1B0700D54D
:1096700030E17B68002B00D12CE13E6B88E76B6802
:10968000002B01DDFFF728FB2900F86DFEF764FFD2
:10969000002801D1FFF720FBFE6146463B687C684D
:1096A0009B46002E01D1FFF7C6FBFFF75BF87869F8
:1096B000D100F9F72BFB7861002801D1FFF795F86D
:1096C000BB690219FA643A6A5B001060BB61FFF77C
:1096D00096FB002A01D000F00DFCFB6B1B6898463E
:1096E000360600D445E3002B01D1FFF741F82020D6
:1096F000F9F7FAFA061E01D1FFF777F843463A6CFC
:109700001860D18839659388994200D3A3E1106825
:109710003A6D396C531CCB80930042461A5020237B
:109720003B652B681A78A25C120700D5AFE12200D6
:10973000310054469246FE646A684E1C013A6A60E3
:109740005A1C2A601B780B704346002B06D0FB6C1A
:10975000F31A99463B6D994500D32CE3013C002C4C
:1097600000D11EE16B68002B00DC13E151462B6831
:109770001A788A5C0821114200D012E13100DBE73F
:109780003B6B002B00D098E1FB6B1B6899463606BB
:1097900000D42BE3002B01D1FEF7EAFF2020F9F7DC
:1097A000A3FA061E01D1FFF720F84B463A6C186069
:1097B000D18839659388994200D3D3E110683A6D16
:1097C000396C531CCB8093004A461A5020202B68DA
:1097D00028211A7858319446082290466246B844A7
:1097E00041448A5C002A01D1FEF7C2FF5A46FC645C
:1097F000B046834654463A6518E04346D31A9A4623
:1098000016005B4531D2013C002C00D1A4E06B680E
:10981000002B18DD0820282184462B6858311A783F
:10982000BC4461448A5C002A00D195E06A68013A30
:109830006A605A1C2A601B78721C33704B46002BDE
:10984000DBD11600DFE72900F86DFEF785FE002862
:10985000E0D03B6D5846FC6C9B46464501D1FEF777
:1098600081FF4346F31A9A4681E05B465B0040461F
:1098700019009B46F9F74AFA8046002801D1FEF705
:10988000B4FF56464B4646441860BCE7386AD100E0
:10989000F9F73CFA3862002801D1FEF7A6FF8146AD
:1098A000FB6A3A6B5B00A1441060FB62FFF77BF937
:1098B00028230822FF33AA465833BA18BC69FD6D25
:1098C0009E18315D52462800013CFEF703FE002C35
:1098D000F7D155464B46002B00D0C5E543464A46D6
:1098E0001A60FB6C002B08D04346FA6A991A8B1059
:1098F0003A6D01339A4200D920E2BB6C7C6B013394
:10990000BB64FEF7DAFEFB6C022B00D009E50323F3
:10991000FB64FFF7AFFBFD223B6D033B134201D01D
:10992000FFF7BDFB03E54A46B346BB6856469A4679
:10993000E04B40461A4091465946220000F0B8FEDE
:1099400001235B429A44FB6A8046BB61FFF799FBA7
:109950000023FB60FEF7E4FF3B6D58469B46434601
:10996000F31A9A46FC6C464501D1FEF701FFFB6BEA
:109970000433FB63002333704B46002B04D0534663
:10998000591C884200D9DBE2BB6CD3440133BB6471
:10999000FEF793FE2900F86DFEF7DEFD002800D1EA
:1099A000E4E6B146FA6CB31A591C9B44FB6B4A4679
:1099B0000433FB63002313704346002B00D133E4D0
:1099C0003B6D994200D32FE443461868F9F79EF99E
:1099D000002800D128E44346186025E4B64B1C401B
:1099E0004346002B03D001235B42984401363B6D74
:1099F00001333B6502E5230700D443E1FB6B1B68A1
:109A0000187026E5B60700D45EE13A6D7B6D0CC494
:109A1000FFF70AFCFB6CB346013B4E46012B00D816
:109A2000D9E2A64B1E40FFF74DFB009543460122AD
:109A30002100F86DFEF7B0FD061E01D0FFF700F81B
:109A4000FEF790FE5646013E2A003178F86DFEF78B
:109A500041FDB146E3E49A4A934201D9FEF7CCFEB8
:109A60000822914699444B4699003B6C1868F9F7D7
:109A70004DF93B6C002801D1FEF7BCFE4A46186048
:109A80009A8045E6FB68013BFB60FFF7FAFAB146B6
:109A900001218BE70023BB617B613B625C330833B0
:109AA000DB19FB64FFF712F900233B65FB62FB64E3
:109AB0005C330833DB19984661E508202821844689
:109AC0002A6858311378BC446144CB5C002B01D127
:109AD000FEF74EFE4646A046544609E008202821DF
:109AE000844613785831BC446144CB5C002B35D09C
:109AF0006B680132013B01366B602A60A6422DD0B3
:109B0000002BEBDC2900F86DFEF726FD002825D19F
:109B10002A68E3E700239946FB623B623B63FEF75A
:109B2000EFFFFB6D4646002498460AE0D218290054
:109B300040462A60E418F61AFEF70EFD002800D011
:109B400008E26B682A689E42F0DC9B1B9219A419FC
:109B50006B602A60A3447C6BFEF7AFFD4446B344C0
:109B6000FEF7ABFD564A934201D9FEF745FE0822A7
:109B700090469844434699003B6C1868F9F7C6F83C
:109B80003B6C002801D1FEF735FE424618609A80F2
:109B900015E64B4A944201D9FEF727FE3E6C083485
:109BA0003068A100F9F7B2F8002801D1FEF71DFED8
:109BB0003060B480FEF799FF414B9E4201D9FEF719
:109BC00014FE3B6C08361868B100F9F79FF80028BE
:109BD00001D1FEF70AFE3B6C18609E80C4E4022AA5
:109BE00000D82DE2032A01D1FFF76CFA4446B146B2
:109BF0004646A8463D6D013C42462178F86DFEF789
:109C000069FC63199B1BDBB2032BF4D15A46454612
:109C1000B0463B6D013A043BDBB2D21A9346424652
:109C2000013AD31A4E469846FFF7C1FA3B6D022B14
:109C300000D805E2032BD9D1FFF7B9FA204A9642A2
:109C400001D9FEF7D2FD3B6C08361868B100F9F770
:109C50005DF8002801D1FEF7C8FD3B6C18609E80BE
:109C6000FFF729F80823A1781E430234FEF76AFDA6
:109C70000223A1781E430234FEF764FD40243443DE
:109C8000FEF70EFF630754D4E30700D581E1A40774
:109C900000D47EE10B4B7A6A9A4200D1E1E10022C6
:109CA0007B6C396AF86D01F0D5FEFB6B1B6803C352
:109CB000FFF7CFFB7FFDFFFF7FFCFFFFFFFEFFFFF6
:109CC000F6FF0000CD840010386D796D02000B00A6
:109CD000F8F785FB002846D1386D796DF8F710FC50
:109CE0002060FFF7A1FA2023624658339E1879E4DA
:109CF000E54B7B620A237B64073B9946FFF7DFF85D
:109D00005A467C6B1A70FEF7D8FCE04B9E4201D994
:109D1000FEF772FD3B6C08361868B100F8F7F6FFE5
:109D20003B6C002801D1FEF765FD18609E80FEF7B0
:109D30006DFEFB6B1B681880FFF78BFBFC6C04311E
:109D40002068F8F7E3FF002800D1D6E52060D4E5CD
:109D50003C6B2068F8F7DAFF002801D1FEF746FFD8
:109D60002060FEF743FFCA4800F0E4FC2060FFF7E4
:109D70005BFA1E00002398463B65D2E482B002AB3A
:109D80003B6402910391FFF7E9F8FB69023300D1CC
:109D900064E44346186801F079FF002800D087E5A5
:109DA0003B6B9B44FB69032B00D03AE43368042BE4
:109DB00000D036E43BE45B001900F86C3B65F8F733
:109DC000A5FFF864002801D1FEF70FFD060042460A
:109DD0004E441060C2E47B690022591CF86D0A23CE
:109DE00001F058FD3B69C21AFFF786F91E000023F7
:109DF00018009946EBE43B6B99460023FB623B62FB
:109E00003B63FEF77DFEFB6C984600233B65FB62DF
:109E1000FB64FFF7B4FB3B6AFB640023BB617B611F
:109E20003B62FEF753FF02239946FFF748F82900EB
:109E3000F86DFEF791FB002801D1FFF720F8FEF73F
:109E400091FC944B55E7904B7B6200237B6403337A
:109E50009946FFF734F82900F86DFEF77DFB0028DE
:109E600001D1FEF7F5FEFEF77DFC2900F86DFEF747
:109E700073FB002801D1FEF70DFEFEF773FC2900ED
:109E8000F86DFEF769FB002801D1FFF770F8FEF7C7
:109E900069FC2900F86DFEF75FFB002801D1FEF791
:109EA0008DFDFEF75FFC04239946FFF708F8FE617D
:109EB00046463B687C689B46002E01D1FEF7BBFFFF
:109EC00028235032FF339B186246A846FE6AFD6D78
:109ED000A1469C18A15D42462800013EFEF7FAFA11
:109EE000002EF7D14C464546FEF7A5FF00233B6305
:109EF000FFF7B4FB2A681378E35C1B0701D5FFF773
:109F0000B3FA230008264446984605E041461378F4
:109F1000CB5C1E4200D01DE66B680132013B013470
:109F20006B602A60544500D114E6002BEEDC29005A
:109F3000F86DFEF711FB002800D00BE62A68E5E774
:109F40004B461868F8F7E2FE002800D11CE54B46A6
:109F5000186019E5002C01D1FEF704FCA344FAE5D2
:109F6000F2072BD4B60729D55A461A60D2177C6B54
:109F70005A60FEF7A2FB2900F86DFEF7EDFA002803
:109F800001D1FFF770FB3B6B002B01D0FEF7EAFB22
:109F9000A0E4FB6B1B681860FFF75BFA4A463E4B78
:109FA0001A40012391463B65FFF764F84A463A4B55
:109FB0001A4001239146FB64FFF75CF85A461A6089
:109FC0007C6BFEF77AFB01235B42BB64FEF7DEFB92
:109FD0003B63FFF743FB3A6A904501D8FEF7C8FBA5
:109FE0002E0044461500013C32002178F86DFEF742
:109FF00071FAAC42F7D1FEF7BBFBF86AD100F8F773
:10A0000085FEF862002801D1FEF7EFFB80463B6D2C
:10A01000FA6C5B00B04410603B65FFF71FFB3A6AC7
:10A02000904501D8FEF7A4FB44461600013C2A00E7
:10A030002178F86DFEF74EFAB442F7D1FEF798FB9F
:10A040003A6A44461600904501D8FEF791FB013C60
:10A050002A002178F86DFEF73DFAB442F7D1FEF7F9
:10A0600087FB00227B6C396AF86D01F0D9FD1CE694
:10A07000BB6C002B04D0AB895B0601D4FEF77BFBE5
:10A080003B6CFEF7B7FBC04695B80010F6FF00002A
:10A0900058D50010CD8400107FF8FFFF70B5050083
:10A0A0000C1E42D0002802D0436B002B49D0FDF794
:10A0B00007FE01210C22A35E626E0A4231D19B058C
:10A0C00042D521002800FDF715FCE36A0600002BAD
:10A0D00004D02800E1699847002828DBA3891B06E3
:10A0E0002AD4216B002908D023004033994202D0A2
:10A0F0002800FEF75FF800232363616C002904D079
:10A100002800FEF757F8002363640023A381636EE1
:10A11000DB0728D5A06DFDF76DFFFDF7D9FD3000F9
:10A1200070BD002BCDD1FDF7D3FD0026F7E701264A
:10A13000A38976421B06D4D528002169FEF73AF898
:10A14000CFE7FDF7A1FDB2E7A06DFDF755FF0C22AB
:10A15000A35E002BB5D10122636E1342E3D1A06D43
:10A16000FDF74CFFDFE7A06DFDF748FFD2E7C046E3
:10A17000F0B54546DE4657464E46E0B5936883B097
:10A180000C0090460090002B2AD00C23CA5E1307C7
:10A190002ED50B69002B2BD043461E68930734D570
:10A1A000B04B002700259946002D15D02B004D45BA
:10A1B00000D9AC4B626AE169924600983A00D047F8
:10A1C000002800DCB5E0434642469B681B1A9360BA
:10A1D00006D03F182D1AE9D1376875680836E3E7CD
:10A1E000002003B0F0BCBB46B246A946A046F0BD75
:10A1F0002100009800F0BCF9002800D09EE00C235C
:10A20000E25E43461E689307CAD4D30700D598E0A0
:10A2100080210023890000258B4699462368002D64
:10A220004FD059461800A7680A4255D0BA46AF42E7
:10A2300000D9DEE09021C9000A422ED06069216970
:10A240005F1A43001B18D80FC3185B109A467B1C7B
:10A250005B1950460197534501D99A46180052059B
:10A2600000D4E4E001000098FCF7E4FE071E00D1F2
:10A27000F2E0019A2169F8F76DFDA3897A4A13404B
:10A2800080221343A3815246019B2761F818AA46F6
:10A290002F00D31A20606261A3605246494603F042
:10A2A000DFF842464146A368DB1BA360926823683F
:10A2B000521B534423608A60002A00D190E70C218E
:10A2C000625E3168756889460836002DF9D05946B6
:10A2D0001800A7680A42A9D122699A4272D362691A
:10A2E0009246AA426ED8802328001B069D4200D3C6
:10A2F0005E485146F7F77AFD53464A464343E169C3
:10A30000676A0098B847002813DD070043464246B5
:10A310009B68ED1BDB1B936000D161E70C23E25EC1
:10A32000B94423687BE721000098FDF787FB0028EC
:10A330002BD00C22A35E40221343A3810120404274
:10A340004FE700230027B14600209A461E00002F49
:10A3500025D000282BD03300BB469F4200D99B4616
:10A36000206822696369904203D9A5685D19AB45ED
:10A370004FDC5B4540DC656A5246E1690098A847BE
:10A38000051ED6DD0120761BCDD0434642469B6894
:10A390005B1B936000D123E7AA447F1BD9D14B46B6
:10A3A00008225F689144002FF9D01B689A463A0052
:10A3B0000A21504603F02CF800284AD053460130B9
:10A3C000C61AC8E7AF4200D92F003A001800494624
:10A3D00003F046F8A2682368D21BDB19A260236051
:10A3E000002A93D121000098FDF728FB00288DD08A
:10A3F0009FE72F00AA4650E75A46514603F030F82F
:10A400005A46A3685D469B1AA36023685B44236099
:10A41000B8E751462A0003F023F8236821005B19AE
:10A4200000982360FDF70AFB0028ABD081E702000B
:10A430000098FDF7CBF8071E00D024E7009D2169A6
:10A440002800FDF7B7FE8022A3899343743A2A605F
:10A4500071E77B1C1E007FE70C23009A13600C221F
:10A46000A35E68E700FCFF7F7FFBFFFFFFFFFF7F2E
:10A4700030B50C785E2C20D000234D1C9C4600216A
:10A480000300421CFF32197001339342FBD1002CB0
:10A4900010D00122634653401A0002556B1C9C46A3
:10A4A0002B782D2B11D05D2B0DD0002B03D01C0051
:10A4B0006546F2E7013D280030BD01234C788D1C34
:10A4C0009C460121DCE76546F5E769785D2910D0F7
:10A4D0008C420EDC230002350133C2549942FBDC6E
:10A4E0008C4203DB002101340C19D7E7091B013929
:10A4F000F9E72D246546D0E7F8B50C002300096B79
:10A500004033994211D0666B77003A00FDF75EF850
:10A51000051E23D0010032008019F8F71BFCAB198F
:10A520002360256367630020F8BD8021C900FCF724
:10A5300081FD002812D08023DB0063634223206367
:10A54000E25C084BC2544123E25C074BC2544023F7
:10A55000E25C064BC254C0182060E4E70120404290
:10A56000E2E7C046FF030000FE030000FD03000019
:10A57000334B70B5050018680C00002802D0436BFF
:10A58000002B51D00C22A35E1A070FD52269002A96
:10A5900016D00C21635ED90723D50021A160616923
:10A5A00000204942A161002A23D070BDDA063ED5C1
:10A5B0005A0724D4226908210B43A381002AE8D139
:10A5C000A0208021A3898000890003408B42E0D035
:10A5D0002100280001F052FC0C21635E2269D9079A
:10A5E000DBD40021980700D461690020A160002A13
:10A5F000DBD11A06D9D540221343A3811CE0216B7D
:10A6000000290AD022004032914204D02800FDF7F0
:10A61000D1FD0C22A35E0022226324229343002258
:10A62000626022692260C6E7FDF72EFBAAE70922D5
:10A630002A6040221343A38101204042B5E7C0466F
:10A640005416002010B5002A2AD003000B439B07A4
:10A6500015D1032A13D9144B9C460CE0043A002A66
:10A660001ED0124C1C199C4363461C4218D1043066
:10A670000431032A03D903680C68A342EED003789F
:10A680000C78013A8218A34208D00BE0002B07D0C7
:10A6900043784C7801300131A34203D19042F5D187
:10A6A000002010BD181BFCE780808080FFFEFEFEAE
:10A6B00030B50C0004430300A4071CD1032A1AD9A7
:10A6C000144B9C4665460C68030013482018A043B1
:10A6D000284210D11800043A043110C0032AF1D8DE
:10A6E00003001C00002A09D00878013A01332070C9
:10A6F0000131002804D01C00002AF5D1200030BD13
:10A700000021D018002AF9D0197001339842FBD1EA
:10A71000F4E7C04680808080FFFEFEFE8422024B6C
:10A720009200985C7047C046581800200048704757
:10A73000301A0020004870470000C07F82B0002916
:10A740000AD0002A0BD0002B0BD013780B601078A6
:10A75000431E984102B0704701A9002AF3D100209E
:10A76000F8E702204042F5E770B516000D0002F050
:10A77000B1FC002E0DD06B236A00520D9B1A002BEA
:10A7800007DD0024034A1B059D182B002200F7F764
:10A79000C0FD70BD0000F03FF0B5DE4657464E46A6
:10A7A00045460C0081468B4600200021E0B59246CC
:10A7B0009FB000220490059121001A9219910A7805
:10A7C0000D002D2A03D8A64C900020588746002162
:10A7D000069100210791302A00D1BDE02F2A00D830
:10A7E00081E2170028000021002600240BE0B300BE
:10A7F00001309E1976001990B6180278303E170085
:10A8000001342F2A0FDD392A6BDC082CEFDD8B0099
:10A810005B1801305B0019909918027830391700E5
:10A8200001342F2AEFDC0A9101228E49FFF70AFF3B
:10A83000002800D145E20023A0460C930B93089317
:10A8400043461F00102B00DD10273000F7F7D4FD22
:10A85000434604900591092B18DD3A00824B093AD2
:10A86000D2009B180CCBF7F754FD049005910A9881
:10A87000F7F7C2FD0B00020004980599F7F722FDD7
:10A880004346049005910F2B00DDACE00B9B002BA1
:10A8900001D100F039FC0B9B002B00DC40E3162BB0
:10A8A00001DC00F021FD424625239B1A0B9A9342BE
:10A8B00000DA98E043460F246B4DE41AE100691872
:10A8C000049A059B03C9F7F724FD0B9B1C1BE400AE
:10A8D0002D190CCDF7F71DFD04000D0011E201311B
:10A8E0006CE70A9101225F49FFF7ACFE002846D1D0
:10A8F000199B581C19905B7884461A00002C00D0D4
:10A90000E3E163460021302A08D11900013319938D
:10A910001A78302AF9D06346C91A01311300313B45
:10A92000082B00D873E220239A43452A00D11CE368
:10A93000079B0B4300D0E2E1534600240025002B87
:10A9400001D05A461A60200029001FB0F0BCBB4657
:10A95000B246A946A046F0BD6A7820318A436C1CF5
:10A96000582A00D1D3E3250019942A780134302ADB
:10A97000F9D0002A00D1C2E1012307932EE700237A
:10A980000021002210940C932023380098430300E8
:10A9900000200890452B00D1C1E1002C00D02BE213
:10A9A000079B0B4300D0AAE1002AC5D1692F00D133
:10A9B000E2E201DD00F08CFC492F00D1DCE24E2FF9
:10A9C000BAD12A4919A801F041FE0028B4D0199B38
:10A9D0001B78282B01D100F06CFD254801F0E0FA2E
:10A9E00004000D008DE143460B9ADB1B9B18002BE6
:10A9F00000DC66E20F221F001100974319401A4243
:10AA000001D100F005FC184BC900591803C9049A7C
:10AA1000059BF7F77EFC04900591002F01D000F014
:10AA2000F7FB00230A93434622002900484600967C
:10AA300001F09CFF1490002801D100F061FC0B99FB
:10AA40000027CB4300260C9A0898DB17101ACA1768
:10AA500010401940B3463D0010901591EFE0C046FC
:10AA600010E30010A8D70010581A0110FCD70010EE
:10AA700058D50010D648C91A521A834200DAFCE2AF
:10AA800001238B401193002312930A9BB918B61827
:10AA9000F61808913B008F4200DD0B00B34200DD49
:10AAA0003300002B04DD089AF61AD21A0892FF1A16
:10AAB000109B002B00DD86E2089B002B00DD9CE252
:10AAC0000B9B002B00DDC9E2002E00DDB9E2002F58
:10AAD00008DD59463A00484602F08CF983460028C2
:10AAE00000D1B7E248461A99079A02F023FA051EE8
:10AAF00000D1AFE2C368594698460023C36002F014
:10AB0000F3F9002801DA00F0FEFC059B089301D15F
:10AB100000F082FC5946280002F0C6FB8023002288
:10AB2000DB0506000F00F7F745FC002800D139E2ED
:10AB30004346002B00D0ADE2049B002B00D034E351
:10AB4000089B1B0300D0D6E2002230003900A14B45
:10AB5000F7F72AFC002801D000F038FC00229E4BB9
:10AB600030003900F7F7D5FB0A00010013001291FD
:10AB70001392802212069B180E900F93974A089BFF
:10AB80000E9E0F9F13401A001193954B9A4200D1CD
:10AB900087E20A9B002B28D0D423119ADB049A4227
:10ABA00023D8129813998F4A8F4BF7F703FC00288C
:10ABB00016D012981399F7F75FFC002800D10130E6
:10ABC000F7F71AFC434612901391002B01D000F0C6
:10ABD000E8FB802212068B1816901793169E179F7B
:10ABE000D623119ADB04FB189F1A0C980D9902F0DA
:10ABF00071FA02000B0030003900F7F78AFB0C9A5B
:10AC00000D9BF7F75FFB0E00049005910A9B002B4C
:10AC100005D1724B119A33409A4200D192E24846D4
:10AC20001A9901F047FE4846079901F043FE59463C
:10AC3000484601F03FFE2900484601F03BFE149CC7
:10AC40004846616801F00AFE031E079000D101E248
:10AC500022690C3302320C34210018009200F8F7FC
:10AC600079F80499059A1CAB01931BAB0C910D92DA
:10AC70000093484613000A0002F0AEFA011E1A9033
:10AC800000D1C3E10121484601F03EFF8346002880
:10AC900000D1DFE11B9B002B00DAAAE1109A159E80
:10ACA0009F180A991C9A5B1A36219B188A1A4F49D9
:10ACB000013B8B4200DADDE600231293013311934E
:10ACC000E3E6199B581C19905B781A00303A092A60
:10ACD00000D9DDE0171E01D100F00FFD0123210096
:10ACE00010940C93E0E2012228004149FFF7AAFCEE
:10ACF000002800D149E3079B002B00D11CE600246B
:10AD000000255246002A01D0199B1360069B002B98
:10AD100000D118E6802109066B181D0013E62300F8
:10AD20000B430798034300D106E6199B9B46584600
:10AD3000431C199347782B2F00D1D9E12D2F00D038
:10AD4000BCE0012398465846831C199387783B0042
:10AD5000303B092B00D98BE11998302F0ED1431CC1
:10AD600019931F7818000133302FF9D0002308936E
:10AD70003B00313B082B00D90FE60133471C1997E4
:10AD8000BC46477808932F2F00DCA7E20B91614661
:10AD90009446089A09E093009B1801315B001991D1
:10ADA000DA190F78303A2F2F01DD392FF3DD0892B1
:10ADB000081A62460B99082800DC8FE20D4B0893B5
:10ADC0004346002B00D1E8E5089B5B420893E4E58D
:10ADD000E3FBFFFF0000F03F0000E03F0000F07FDA
:10ADE0000000E07F0000C0FFFFFFDF4102FCFFFF2B
:10ADF000A8D700101F4E0000089B0C9AA0469B1A73
:10AE00000B93109B002B00D11AE51C0018E54B1C7E
:10AE10001998303A0C930023170005000124109371
:10AE20000021B3009B195B00FE18431C19931F7887
:10AE300018003B00303B092B00D9C4E11F004A1C1D
:10AE4000431C002F01D100F03FFC0C9B9C46944416
:10AE500063460C93012A01D100F039FC3200631CD7
:10AE600080462E009C4615000A9808E0AA00551955
:10AE70006D0001331A1B013A914200DC0DE25A1EAB
:10AE8000082AF3DD102BF4DC820010184000F0E7F4
:10AE900020229343452B61D03000F7F7ADFA0490A0
:10AEA0000591092C00DC2FE12700102C00DD102774
:10AEB0000023A0460C9308930B93CEE400239846FE
:10AEC00045E7002B00D1ACE50F2211005B42194091
:10AED0001F111A4200D06AE21F2F00DDE2E21023A8
:10AEE0001A003A400A923B4201D05A330A93B346C1
:10AEF000049805992600B54C01E07F100834012321
:10AF00003B4204D17F10083401233B42F5D0226834
:10AF10006368F7F7FEF97F1000D161E20834F3E7C8
:10AF20000B9B163300DA5EE508990C9AA84B521A6F
:10AF3000D2009B180CCB04980599F7F7CCF90400C4
:10AF40000D00DEE6002206924D1C19954A78002A73
:10AF500000D03EE4F0E401220692F5E700238346A8
:10AF60000021012210940C93E1E600220B001092C4
:10AF70000C9200240132D4E6964919A801F066FB30
:10AF8000002800D1D8E4199B9349013B19A81993D3
:10AF900001F05CFB002802D1199B013319930024B6
:10AFA0008E4DAEE68E4B002230003900F7F7B1F936
:10AFB000434612901391002B67D1802212068B1802
:10AFC0000E900F93DAE559461A00484601F0A8FEA4
:10AFD0001A998346002819D00A000100484601F05A
:10AFE000C3FD1A99041E11D0484601F063FC1A945F
:10AFF00062E5159A109FD61A53E61A994846089AA0
:10B0000001F0F8FE011E1A9000D059E55E462F00AF
:10B0100022234A460024714D1360484601F04AFC41
:10B020004846079901F046FC3100484601F042FCD1
:10B030004846149901F03EFC3900484601F03AFCBC
:10B040005FE632004846079901F0D4FE07900028D9
:10B0500000D03CE55E462F001A99D9E74846159A7C
:10B06000079901F05DFE0790002800D02CE5F1E77C
:10B070005B461993002308938FE45A49CB1A0121A8
:10B080009940012312911193FFE4129B139C0E939C
:10B090000F9473E50023544C0E930F941293139462
:10B0A0006CE5524A089B9B180593049E059F30004F
:10B0B000390002F00FF80E9A0F9BF7F72AF93200C9
:10B0C0003B00F7F7FFF8454B494A049005910B40C8
:10B0D000934200D8F7E00C980D99464A914201D16D
:10B0E000441CB7D00123434C5B420493059496E57E
:10B0F0000023984627E600233F4C0E930F9400232D
:10B10000394C1293139439E5049C059DF9E502939B
:10B11000069B484601931AAB0093384A1BAB19A90A
:10B1200000F098FF0F231E0005000640034200D1E7
:10B13000E5E5062E00D0E7E0002319940025002461
:10B140000693DEE512981399F7F7AEF9F7F7A0F931
:10B1500002000B0012981399F7F7ABF84346049AD4
:10B1600036031343360B08900991254A33430DD11A
:10B1700008980999234BF7F717F9002800D14EE5F5
:10B180005E462F00049C059D1A9946E71E4BF7F773
:10B190000BF90028F4D1089809991C4A104BF7F7CD
:10B1A00019F9002800D13AE5EAE7012BA3D1089B61
:10B1B000002BA0D15E462F0022234A460024002502
:10B1C0001A99136029E70122FFF7DEFB08E400105B
:10B1D000581A0110F0D70010F4D700100000F07FCB
:10B1E0000000E03FE2FBFFFF0000F03F0000B0FC8A
:10B1F000FFFF9F7CFFFFEF7F0000F0BFF4E3001034
:10B200009535A094FFFFCF3FFFFFDF3F35E5AF351A
:10B210009A235B009F4273DC3F11012F00D1CBE1E9
:10B2200004980599D24B049407969B462E001C0067
:10B23000002501233B4203D022686368F7F769F8D1
:10B2400001357F100834012FF3D1049C049005913F
:10B250002F003500079E059BC64AF9009B180593F1
:10B260005944049A059B03C9F7F753F8C24BC34AE4
:10B27000049005910B40934242D8D420C04A8004E8
:10B2800009180591934201D8FFF7CBFB0122BD4B72
:10B29000524204920593FFF7C4FB2B000A9035003D
:10B2A00040461E00013961444C1C082900DCB7E50A
:10B2B0000021102C00DDB8E50A9A93009B185B0072
:10B2C000FB180A93B1E5D4239B04CE1805969DE4A0
:10B2D0006E2F01D1FFF775FBFFF72EFB0898AA4BE5
:10B2E000984200DC6CE56AE50B9AA84BD10059182E
:10B2F00003C9049A059BF7F70CF804000D0000E55C
:10B3000022234A4613604AE61A9A002A07D03521BA
:10B310001CA801F0F7FF48461A9901F0CBFA052E58
:10B3200000D9C3E19A4BB6009B599F461C9B994993
:10B3300004931D9B1B9A0B40974952181205134307
:10B340000593ED0503D580221206134305938A4A1F
:10B35000049C059D134200D0D3E4FCF743FE222356
:10B360000360CEE401238D4C5B4204930594ED050C
:10B3700000D4C9E6059BE6E77F4B0593F7E71C99E8
:10B380001D9A1D9B04910592DBE7199B01229C46A7
:10B390009444624619925A78002300260A93FFF7D4
:10B3A000B0FA129B139C16931794FFF717FC774B78
:10B3B000C9005B180CCB04980599F6F78CFF049034
:10B3C0000591002F01D1FFF72CFB85E50023744C7C
:10B3D0000E930F940023734C12931394FFF7CEFB3C
:10B3E0000A9B3400049005915E46002B52D06B23DB
:10B3F0004A00520D0F009B1A002B4BDD1F2B42DD24
:10B4000000210491342B00DC47E1DC239B040593ED
:10B410006A230A93FFF707FB4146059A2F000C9C0D
:10B420000D9D12035E46129B120B002954D05E49FB
:10B430008A4200D1E0E0002B00D1EBE0089A1A42EA
:10B440000CD0049805990A9AFFF78EF902000B00B8
:10B4500020002900F6F736FF04000D000A9B002BA0
:10B4600000D191E620002900504B0022F6F751FF51
:10B47000414B04000D000B4200D085E622234A46D2
:10B480001A991360C9E5012252429A40024004927F
:10B490000498059900220023F6F77EFF002801D1C9
:10B4A000FFF7C1FA22234A46002400251360FFF764
:10B4B00028FC3F491CAA19A801F0E0F8052801D092
:10B4C000FFF78BFA1D9B2C4A1A431C9B0592049391
:10B4D000049C059DFFF715FC002A71D1049A002AEF
:10B4E00000D0D3E00A9B434500D1BFE0224B089A2D
:10B4F0001A40D6239046DB049A422CD8DC239B04C6
:10B500009A42AFD858E643460499059A2F000C9CFE
:10B510000D9D5E460B43A1D1089213039ED1164B9D
:10B520001A40D6239046DB049A4297D97B69002BB8
:10B5300002D13B69012B91DD39000122484601F01F
:10B5400059FC3100070001F0CFFC002886DD0A9B82
:10B55000002B00D18AE04346164A9B18124A1A4330
:10B5600001235B4205920493049C059D7AE7C04643
:10B57000301A01100000B0FC0000F07F0000A07C39
:10B580000000907CFFFFEF7F1F4E0000581A011053
:10B59000C8E30010FFFFEFFF33040000FFFFFF7F51
:10B5A0000000E0BF0000E03FFFFF0F000000503947
:10B5B000E0E300100000F0FF584B00279B464AE6EE
:10B5C000002B2DD1119B049A134200D146E7049819
:10B5D00005990A9AFFF7C8F802000B00200029001D
:10B5E000F6F767FE0022002304000D00F6F7D4FEF4
:10B5F000002800D132E7DFE50A99049A814225D17B
:10B60000511C12D0834259D0089A1A4200D018E730
:10B610001A9902E5119B049A134200D11EE710E724
:10B62000089A1A4200D119E7D1E73D4B089999428F
:10B6300068D03C4B089A1A401300802252039B1892
:10B64000059300230493049C059D07E7089835495A
:10B650000140D420C004814240D9511CE5D0002BC8
:10B6600037D00898184200D1FCE6EAE62D4B089A3C
:10B670001A991A4013002C4A9B182C4A1A4301238A
:10B680005B4205920493049C059DC6E4002BC7D140
:10B69000119B134200D1E1E699E74B239A1A4C3BE8
:10B6A00093401F40059704980599F3E6ED0532D5C0
:10B6B00080231B060593049C059D4EE6119B1342B7
:10B6C00000D0BEE61A99A8E41100FFF7AFFB2100F5
:10B6D000EAE5119B134200D1C4E6B2E66B20090DE6
:10B6E000401A0121494281408A429ED0002BF0D06D
:10B6F000089A1A4200D1B5E6A3E6012110940C92F3
:10B70000FFF793FB013294D122234A4600241A9971
:10B71000044D136081E4002400251EE6301A011058
:10B72000FFFFEF7F0000F07F0000F0FFFFFF0F0042
:10B7300010B5024BFFF730F810BDC0465818002076
:10B74000F0B55746DE464E464546E0B58346894647
:10B7500092461D001F0083B0242B3DD8012B3BD007
:10B760000B000820494E1A0014780133315D08425D
:10B77000F9D198462D2C00D172E02B2C38D0444BB7
:10B78000009300230193002D4ED1302C00D170E0A6
:10B790000A270A2539000098F6F750FB43460600B1
:10B7A0008C46002000212200303A092A07D9113A9C
:10B7B000192A03D92200613A192A21D80A3295425E
:10B7C0001EDD4C1C05D086422BD328D001217843A6
:10B7D00010181C780133E6E7FCF704FC162303601D
:10B7E000002003B0F0BCBB46B246A946A046F0BD5F
:10B7F0001C78931C9846264B009300230193C2E7C4
:10B800004A1C23D0019A002A00D040425246002A06
:10B81000E7D0002936D153464A461A60E1E79445FD
:10B82000D4DA01214942D4E7102DB3D11027302CAE
:10B83000B0D1434620221B789343582BAAD14346CC
:10B840005C780223102710259844A3E7222259464A
:10B850000A605246002A17D0013B99460098DAE761
:10B860001C78931C984680231B06009301230193A8
:10B8700089E7434620221B789343582BDFD00827C3
:10B88000083587E70090E7E70098AAE71DDE00107B
:10B89000FFFFFF7F10B5FFF753FF10BD002909D050
:10B8A000FF2A02D801200A7070478A230360012012
:10B8B0004042F9E70020F7E7F0B54E464546DE4640
:10B8C0005746E0B58BB00D0005911E00082107908A
:10B8D0005E4801922B001C780135025D1142F9D1BE
:10B8E0002D2C00D183E02B2C4AD001235B42039303
:10B8F000574B049300230693002E08D1302C00D11F
:10B900007FE00A239B4600230A26009305E0102EC1
:10B9100000D181E0B346F31700935A46009B039889
:10B920000499F6F7C9FA0F0082460292002000221D
:10B9300000212300B146B84610E0414501D15045F1
:10B940001BD8824540D05A46009BF7F769F926007C
:10B95000E7178019794101222B7801351C00303C12
:10B96000092C04D9113C192C0DD8373B1C00A145DA
:10B9700011DD531CF0D04145DFD901225242EBE7E3
:10B980002C789D1CB1E71C00613C192C03D8573B57
:10B990001C00A145EDDC531C1ED0069B002B04D0DF
:10B9A00003000C0000215842A141019B002B04D050
:10B9B000002A45D1019B059A1A600BB0F0BCBB462A
:10B9C000B246A946A046F0BD8845BCD1029BA34221
:10B9D000B9DA01225242BFE72223079A1360019B82
:10B9E000002B30D06B1E039804990593E2E72C7866
:10B9F0009D1C0023039380231B06049301230693BD
:10BA00007AE720222B789343582B11D008239B46AA
:10BA100000230836009380E7302C04D010239B4687
:10BA20000023009379E720222B789343582BF5D1FC
:10BA300010239B4600236C781026023500936CE798
:10BA400003900491CEE703980499B6E71DDE001039
:10BA5000FFFFFF7F10B5FFF72FFF10BDF0B54E467B
:10BA60004546DE465746E0B589B00D0003911E00FD
:10BA700008210590654801922B001C780135025D74
:10BA80001142F9D12D2C00D18DE0002204922B2CF3
:10BA900051D0002E0DD1302C00D189E00523029326
:10BAA0005B4B0A2698460A239B460023594F009376
:10BAB00016E0102E00D18BE0F31732000120404237
:10BAC000C11799460093F6F7F7F9320080460F0048
:10BAD0004B4601204042C117F6F7EEF9B3460292F9
:10BAE000C2460022002000212300B146B84610E0E3
:10BAF000414501D150451BD8504540D05A46009B86
:10BB0000F7F78EF82600E7178019794101222B7884
:10BB100001351C00303C092C04D9113C192C0DD8DE
:10BB2000373B1C00A14511DD531CF0D04145DFD946
:10BB300001225242EBE72C789D1CAAE71C00613CD5
:10BB4000192C03D8573B1C00A145EDDC531C1ED01B
:10BB5000049B002B04D003000C0000215842A1419B
:10BB6000019B002B04D0002A1AD1019B039A1A6072
:10BB700009B0F0BCBB46B246A946A046F0BD41455F
:10BB8000BCD1029B9C42B9DD01225242BFE7222375
:10BB9000059A01204042C1171360019B002BE7D09A
:10BBA0006B1E0393E1E72C789D1C0123049370E73F
:10BBB00020222B789343582B1BD007230293083B5A
:10BBC000984609339B460023134F0093083687E7B6
:10BBD000302C09D00F230293103B984611339B461B
:10BBE00000230E4F00937BE720222B789343582BA2
:10BBF000F0D10F230293103B984611339B4600234C
:10BC00006C781026054F0235009369E71DDE0010A1
:10BC10009999999999999919FFFFFF1FFFFFFF0FB4
:10BC200010B5FFF71BFF10BD30B583B004000698B8
:10BC300000280DD0E62513486D004559002A12D082
:10BC4000069800902000A847431C15D003B030BDD3
:10BC5000F4308446A4446046E625069009486D0009
:10BC60004559002AECD1069B0021009320000123B6
:10BC7000054AA847431CE9D10023069A13608A337A
:10BC80002360E3E75818002058D5001010B50021B4
:10BC900000F002F810BDC04610B500F0BBF804007B
:10BCA00001F07AFB1A38C0B2022806D9230000201E
:10BCB0000422093B9A42404110BD0120FCE7C046E6
:10BCC000030A8446DBB2C0B2022922D0032903D082
:10BCD000803B8038DBB2C0B21A005032D2B21F2A89
:10BCE0000AD91A003032D2B2242A35D83C4A9445B7
:10BCF0002FD90120404270473A4A9445F9D83A4931
:10BD0000B03BDA01D21A5200A13810184000405A54
:10BD1000F1E79E280ED923308022C0B29F2B0ED887
:10BD2000703B5B00D318DBB21A005032D2B21F2A2C
:10BD3000D7D8E1E77E387F22C0B29F2BF0D95033AD
:10BD40005B00D318DBB21A005032D2B21F2AC8D817
:10BD5000D2E72649D03BD4E75F33DAB2072AC8D806
:10BD6000234B92009B589F46F128C2D8214AA13804
:10BD70004000805A0028BED10138BCE7D828B8D886
:10BD80001D4AA1384000805A0028B4D10138B2E7DA
:10BD9000F628AED8C0239B01C018ACE7F328A8D87A
:10BDA000164BC018A7E7164BC35C002BA1D0154B50
:10BDB000C018A0E7144AA1384000805A00289AD140
:10BDC000013898E7114AA1384000805A93E7C0280B
:10BDD00000D98EE70E4AA1384000805A8BE7C04652
:10BDE000A6F40000D3CF0000CCFE001050E40010F9
:10BDF00030E4001038160110DC160110A02F0000EE
:10BE0000AB16011060FE0000A817011064180110A5
:10BE1000F815011070B50500002917D0124BCC1889
:10BE200020001249FCF7FAF8002804D1012128006B
:10BE3000FFF746FF70BD20000D49FCF7EFF8002822
:10BE400006D102212800FFF73BFFF3E7094CE7E7A3
:10BE500020000949FCF7E2F803002800002BE9D193
:10BE60000321FFF72DFFE5E71202000000D80010C4
:10BE700004D800106A1A00200CD8001070B50C23EA
:10BE8000CA5E05000C0096B0930707D52300433324
:10BE9000236023610123636116B070BD0E23C95E68
:10BEA000002931DB6A4600F055F800282ADB8021A2
:10BEB0002800C900019EFBF7BDF80C22A35E0028F4
:10BEC0003DD0802213438022D2006261F0223100F3
:10BED000120211400A008021A381206020618901A3
:10BEE0008A4234D10E23E15E280000F047F80C228C
:10BEF000A35E00282BD00322934301221343802208
:10BF0000120119E00C23E25E802313405A42534190
:10BF1000F0225B42920013404033190028001E00BB
:10BF2000FBF788F80C22A35E002808D08022134378
:10BF300000222060206166611343A381ACE79A056B
:10BF4000AAD40322934302221343A3819EE78022B3
:10BF50001201F1E7002370B5074C0500080011003D
:10BF60002360F8F73BFB431C00D070BD2368002B17
:10BF7000FBD02B60F9E7C046EC230020002370B50E
:10BF8000064C050008002360F8F72CFB431C00D08A
:10BF900070BD2368002BFBD02B60F9E7EC23002059
:10BFA000002001497047C0460000F87FF0B5CE463A
:10BFB000474603698446994680B54D11AB4209DC7A
:10BFC000002362461361002362465361C0BCB94638
:10BFD000B046F0BD1F260400370014349800AB00B3
:10BFE0002018E3180F400E421AD040CBFE40984272
:10BFF00028D92022A046D11B1A688A4032434646DF
:10C0000004C6B04640CBFE409842F5D84B46591B7B
:10C010008900611804390E60002E0CD004310AE04A
:10C0200022009842CCD940CB40C29842FBD84B4624
:10C03000591B8900611862460B1B9B101361A142BA
:10C04000C4D1C0E763465E61002EB9D0210004313F
:10C05000F1E7C046F0B557464E46DE464546E0B5E8
:10C060008946096892468A7887B003900593302AFA
:10C0700000D02EE2CB1C1D0001335A1E1278302A4C
:10C08000F9D0691A8B1E0193C04FBB5C002B00D105
:10C09000FAE0002200242B789046BD4AFB5C029215
:10C0A000002B00D166E12E0073780136FB5C002B7B
:10C0B000FAD1012230000299FEF7C4FA8346002823
:10C0C00052D0002233789346002C02D0A41BA20049
:10C0D0009346202234009343502B51D04B461E6090
:10C0E0004346002B7BD1631B013B0021072B03DD63
:10C0F00001315B10072BFBDC039800F0AFFB0190D4
:10C10000002800D191E2019B14330493A54200D38F
:10C11000F4E19846002399463B0000264746A8468E
:10C120004D4699460CE0202E19D03200043649467F
:10C130002378CB5C0F210B4093401D4344455CD0DA
:10C14000013C23782E2BEED14445ECD30122200074
:10C150000299FEF777FA0028F0D0202EE5D120C70B
:10C16000002204260025E2E7002C00D1A4E12022D1
:10C17000A41BA3009B46337834009343502BADD1CE
:10C1800063782B2B00D17EE12D2B00D0E7E001223C
:10C19000A378A11CFB5C2600581E18289ED84E1CB4
:10C1A0004978103B795C180000290AD10CE0830023
:10C1B0001B185B000136581833781038F95C0029D9
:10C1C00001D01929F3DD0300002A00D05B42DC46D0
:10C1D0009C444B461E604346E346002B83D0019BA4
:10C1E00006245A4253415B421C40200007B0F0BC79
:10C1F000BB46B246A946A046F0BDB846A94646464B
:10C200004B4608C6049B019AF61AB31013614846C0
:10C2100000F004FC53461D68F600301AA84251DCB9
:10C2200000DA32E19B685A465B4500DA22E1534668
:10C230005B689A4200DB95E09C1A671EAC426EDA9E
:10C240000026002F00D074E11F21012339408B40CC
:10C250007A11049992008A58019821002D1B1A42E4
:10C2600000D150E1FFF7A2FE53465B689B46534660
:10C27000DC68022C00D199E0032C00D16AE1012C8A
:10C2800000D197E112246EE0414B012219002800F1
:10C290000293FEF7D7F9804600286DD16B786C1CAD
:10C2A000FA5C002A6AD02500302B00D086E16B783A
:10C2B0000135302BFBD0FB5C5A425A41904601229B
:10C2C0000192EDE6441B2100019801F03DF8061EA5
:10C2D0000FD01F210123601E01408B4042110499A1
:10C2E00092008A5801261A4203D0012800DD26E177
:10C2F000022621000198FFF759FE5346DC469B6851
:10C30000A444E346634500DAB4E053465B68624602
:10C31000634500DCE1E09C1AA54200DDFAE05246EC
:10C32000D268022A36D0032A00D11AE1012A34D178
:10C33000AC4232D1012C07D00198611E01F004F803
:10C3400000282AD053465B68059A0499136001239C
:10C35000019A622413610B60109B1A6045E700226A
:10C36000611C17E70124109B019A1A605A46059B2D
:10C370001A603AE72E009CE62C002B78202293438B
:10C38000502B00D1E8E04B461C6028E72019011033
:10C39000A8D70010119A002AD6D00199039800F06E
:10C3A00089FA0023109A502413601EE70123119A82
:10C3B0009B1A1193119B002B00D19CE0019B002143
:10C3C0001E69049BB200914618009846484403E059
:10C3D00002C3984200D8C9E01A68571CF8D001324D
:10C3E0001A60022C00D1D1E01F231C002C402B42EC
:10C3F00000D1ADE04B464344043B186800F00EFB0F
:10C4000020231B1B984200DBA2E0019B1969002935
:10C4100000DCFCE0019A89005369414418321000A5
:10C420005B08914200D8F9E044461A000368DB0734
:10C43000134308C404C852088142F7D81300019A74
:10C440008A1A4146193A9208920004315218136030
:10C45000002B00D0043243460199D31A9B100B6184
:10C46000424500D1D6E053465A469B680132934676
:10C4700093426DDA0199039800F01CFA0023109A98
:10C48000A3241360B1E6002282E62C1A220001994F
:10C49000039800F0AFFC5B461A1B53469B6893461B
:10C4A00001909A42E6DC53465B689A4200DB59E70A
:10C4B000010014310491BFE67378741CFA5C260005
:10C4C000002A00D105E673780136FA5C002AFAD119
:10C4D000FCE500238D1C0193D6E50124002E00D13C
:10C4E00041E75346DB68022B00D15FE7032B00D105
:10C4F00060E7012B14D010231C4334E7049B9846BB
:10C50000002399467BE6FFF751FD53465B68022402
:10C510009B46E3E7671E002E00D191E6012693E6D5
:10C52000B307E8D5049B1B681E43F60700D545E713
:10C53000E1E73900019800F007FF060084E6019862
:10C54000A11E00F001FF002800D1D1E60326D0E6AD
:10C55000212408E702242DE700239B460133984657
:10C560000EE6119A002A00D0EEE616E7019B9B68C2
:10C570009E4226DA019A711CB300D3181161012280
:10C580005A61049B9846022C00D040E753461B6832
:10C590002224013BAB4200D0E5E61F2101232940C4
:10C5A0008B4041466A11920054581C4063425C41E2
:10C5B0002134D8E6022302241E43B3E7012301936A
:10C5C00071E5019B03985968013100F047F9071E96
:10C5D00031D0019B0C301A690C33023219009200E1
:10C5E000F6F7B8FB0199039800F064F901223B6962
:10C5F0000197591C9B00FB1839615A611423984616
:10C60000B844022CC2D08E4200DBEDE6FFE60023E8
:10C61000019A13610023019A536124E74246136093
:10C62000002BF4D04246043215E70022E421054BEA
:10C630000548F7F7E1FF3A008421024B0248F7F77B
:10C64000DBFFC04614D8001028D80010844610B56F
:10C65000026808E0137801311C00413C192C00D815
:10C660002033834207D1087801320028F2D1634693
:10C6700001301A6010BD0020FCE7C046F0B51F2451
:10C680005746DE464E46454692460A682100E0B5CA
:10C690000300501187B080001140504403911442B0
:10C6A00000D098E00400021F0020211F08601868D5
:10C6B00002914178002900D1A4E00026019066484B
:10C6C000170014000D009146B046020000210198A9
:10C6D000019315E0202D00D98DE046450CDDBC42CC
:10C6E00001D2072956DD0821A24505D2271F0023C4
:10C6F000B0463C0000213B6085780130002D12D00F
:10C70000535D002BE6D00131013608293ADC25685B
:10C710002D01AC460F252B4065462B4323608578C1
:10C720000130002DECD10D004A46002E6AD0BC42EB
:10C7300002D2072D00DC74E0A2454FD25046230000
:10C7400002CB02C09A42FBD2601C551C00238542DA
:10C7500063D251460024081D1B18190004330C60D5
:10C760009342FAD9029B1B68002B09D1514603E082
:10C77000043A1368002B03D19142F9D101230B60D5
:10C78000052040E0A245B7D20021043C8C46216040
:10C790000131BFE708235B1A9B009C4620236146BA
:10C7A0005D1A0494210023682C0055468346924666
:10C7B000604605954A681500A5401D431300C34017
:10C7C0000D604B600431B942F4D3059B5246584684
:10C7D0009A46049C87E70200041D65E702990398C6
:10C7E0000B680028C0D02024241A01204042E040D9
:10C7F00003400B60B8E7AC460D0061464A46019B1A
:10C80000292907D0042007B0F0BCBB46B246A94690
:10C81000A046F0BD0230186087E7141BA408A300EF
:10C8200097E708235B1B9B0019001E0020235B1A5F
:10C83000984623689446250019004246686803001C
:10C8400093400B430100F1402B6069600435BD4209
:10C85000F4D3624670E7C0462019011070B5040099
:10C86000406C0D0000280AD0AB00C31818680028DF
:10C8700012D002681A6000230361C36070BD2122D8
:10C8800004212000FAF766FB60640028F6D0AB00B4
:10C89000C31818680028ECD10123AB405A1D0121B0
:10C8A000200092001E00FAF755FB0028E6D04560F4
:10C8B0008660E0E7002906D04A68436C92009B1826
:10C8C0001A680A6019607047F0B5C6461E008046B7
:10C8D000002300B50D000C6914310868013307040A
:10C8E0003F0C5743000C5043BF193E0C80193F04C6
:10C8F000060C3F0C0004C01901C19C42EDDC002E67
:10C9000007D0AB68A34208DDA300EB1801345E61D9
:10C910002C61280080BCB846F0BD696840460131F2
:10C92000FFF79CFF071E16D029002A690C3102323E
:10C9300092000C30F6F70EFA43466A685B6C920080
:10C940009B181A682A601D603D00A300EB18013493
:10C950005E612C61DDE73A00BA21024B0248F7F72D
:10C960004BFEC04614D80010E0D80010F8B547467A
:10C97000CE46060080B50C0090461F00092B41DD15
:10C98000180009210830F5F731FA012300215B0076
:10C9900001319842FBDC3000FFF760FF011E33D00D
:10C9A000089B4361012303614346092B16DC0923DD
:10C9B00098460A34434647450BDDE719FF1A2378AA
:10C9C0000A223000303BFFF77FFF01340100BC42F8
:10C9D000F5D10800C0BCB946B046F8BD09239C4655
:10C9E000A444E146654644442B780A223000303B9B
:10C9F000FFF76AFF01350100A542F5D14C464444DA
:10CA0000083CD7E70021C6E70A00024B0248D331B1
:10CA1000F7F7F2FD14D80010E0D8001080220300D0
:10CA200052020020934201D21B0410308022520493
:10CA3000934201D208301B0280225205934207D351
:10CA40008022D205934214D29B0014D4033008E014
:10CA5000802104301A01C9058A4203D3D243D20F80
:10CA6000801870479A019B0105D40A42EED120201C
:10CA7000F7E71A00F2E70230F3E7C04603685A0707
:10CA800008D0DA072BD49A072ED501225B08036061
:10CA9000100070471A0410D1FF211B0C10221942FC
:10CAA00001D108321B0A190716D099070ED0D907F1
:10CAB00001D401325B080360EAE7FF221A4210D07A
:10CAC0001A0719D104221B099907F0D159070FD56C
:10CAD0009B0802320360DBE704321B09F4E7002203
:10CAE000D6E708221B0ADEE79B0802220360CFE795
:10CAF000DB0805D12022CBE7DB0803220360C7E770
:10CB000003320360C4E7C046436C70B504000D00F7
:10CB1000002B0AD05868002815D002685A600023FC
:10CB2000C36001234561036170BD21220421FAF72E
:10CB300011FA031E6064EDD146210022084B09481A
:10CB4000FF31F7F759FD1C2201212000FAF702FA04
:10CB50000028F1D00123436001338360DFE7C04642
:10CB600014D80010E0D80010F0B54E4657464546A0
:10CB7000DE46E0B50B69166989461700984687B00E
:10CB8000B34204DB33000F004646914698464346C5
:10CB9000F518BB687968AB4200DA0131FFF75EFE39
:10CBA0008446002800D1AFE0142363449A46AC00C9
:10CBB00054440022A34202D204C39C42FCD8434600
:10CBC00049469B00984614318844414500D387E08C
:10CBD00014239946B9444B4602933B000022B60009
:10CBE0004E44F71B153F1533BF089E425241BB0010
:10CBF00003934346A34650460C00E246A946B4467A
:10CC00000193049206E02D0C37D1019B04340430CB
:10CC1000A34262D925682B04190C002BF3D0029D86
:10CC20005B46A04600260C0083462F00059308CFE4
:10CC300001681A04120C62431B0C0D0463432D0C93
:10CC400052199219090C5B18110C5B1812041E0C76
:10CC5000120C1B04134308C0BC45E8D8059B58467A
:10CC60009B46049B44465A1E9341039A5B421340E1
:10CC7000C3185E6025682D0CC7D006000368A04667
:10CC8000604619000024B446029F3A88090C6A43A2
:10CC9000121952181B0411041B0C0B43336010CFE4
:10CCA0007168240C6C430B041B0CE318120C9B18CA
:10CCB0001C0C0436B842E8D8624684461000049A38
:10CCC0004446511E8A41039952420A4082185360D9
:10CCD000019B04340430A3429CD85C464D46D446A4
:10CCE000002D03DC06E0013D002D03D0043C236849
:10CCF000002BF8D0634660461D6107B0F0BCBB4610
:10CD0000B246A946A046F0BDB1210022024B03481D
:10CD10004900F7F771FCC04614D80010E0D80010A5
:10CD20000323F0B5C64614001A0080460E0000B575
:10CD30002240234237D1A41031D043461D6C002D30
:10CD40003AD001273B0023406410002B08D128680B
:10CD500000281AD005003B0023406410002BF6D0B9
:10CD60002A0031004046FFF7FFFE002E07D0434661
:10CD700072685B6C92009B181A6832601E60002C0F
:10CD80000ED0060028680028E4D12A002900404679
:10CD9000FFF7EAFE0023286005000360DBE73000B0
:10CDA00080BCB846F0BD0F4B013A9200D258002328
:10CDB000FFF78AFD0600BEE701214046FFF74EFD62
:10CDC000051E08D0084B43610123036143461864E4
:10CDD00000230360B5E746212A00044B0448FF31D5
:10CDE000F7F70AFC201A01107102000014D8001095
:10CDF000E0D80010F0B54E46DE4657464546E0B551
:10CE00000D002E6953119946330083B04B440193B2
:10CE10005C1CAB688346170049689C4203DD013106
:10CE20005B009C42FBDC5846FFF718FD804600285B
:10CE30004FD04B4614308246002B0ADD4A469600FE
:10CE40003200030000211432424402C39342FCD159
:10CE5000B2441F222B001000296914338900384086
:10CE6000814659183A422ED00132121A944657463A
:10CE7000002648461A688240324304C7624640CBC7
:10CE8000D6409942F5D82A0015320023914203D3A7
:10CE90004B1B153B9B089B0053445E60002E00D14A
:10CEA000019C43461C615B4640466A685B6C92008D
:10CEB0009B181A682A601D6003B0F0BCBB46B246DE
:10CEC000A946A046F0BD504604CB04C09942FBD809
:10CED000E6E7EF210022024B02484900F7F78CFBFE
:10CEE00014D80010E0D8001010B5C64602690B69CE
:10CEF00000B5D41AA4469A4218D114309A001431BD
:10CF000004008318891801E09C420FD2043B0439C5
:10CF100018680A689042F7D0002390425B410220D3
:10CF20005B421840012384465B429C44604610BC2F
:10CF3000A04610BDF0B557464E464546DE46E0B524
:10CF400015000A692B6984460E0083B0D71A9A42ED
:10CF500014D1080029009A0014301431831889185C
:10CF600002E0984200D38FE0043B04391A680C6851
:10CF7000A242F6D000D392E0012705E0002FFBDBB0
:10CF80002B0000270D001E0060466968FFF766FC55
:10CF9000002800D18FE01422142191468C46A94428
:10CFA0002B693500C7604F4634698444A4009A0059
:10CFB0004A44A04661461435CB4682460196002479
:10CFC00066469946944638002A00A844009120C835
:10CFD00080CA29043B041B0C090CC91A09192D0C21
:10CFE0003F0C0B14ED1BED1809042C14090C2D0437
:10CFF000294302C69045EAD8019E4B4635001535B7
:10D000006246D94650460027A84504D34546AD1B85
:10D01000153DAD08AF00009DAA46BA444F443E1DE1
:10D0200057460437BC462F004D46B0467F1BB242E0
:10D0300039D9994682463B002000F71802CE0D04EC
:10D040002D0C2D192D140C0C09182D1909042C1454
:10D05000090C2D0429433960B242EDD84446013A07
:10D06000121B920892004B465046624402E0043A7A
:10D070001168013B0029FAD0036103B0F0BCBB4644
:10D08000B246A946A046F0BD00216046FFF7E6FB88
:10D0900000280AD00123036100234361EDE72B0040
:10D0A00035001E0070E75246E4E70022054B0648B3
:10D0B0000649F7F7A1FA0022024B03480449F7F7A3
:10D0C0009BFAC04614D80010E0D8001037020000C8
:10D0D000450200000D4B0E4A0B409B180022002B0E
:10D0E00002DD1900100070475B421915132903DC9B
:10D0F00080231B030B41F4E7143901221E2902DCB3
:10D1000080221206CA400023EBE7C0460000F07FF1
:10D110000000C0FCF8B504690600A400CE46A14694
:10D120001436B14447464B46884680B51F1F3D68BC
:10D130002800FFF773FC202341461A1A0A600A28C8
:10D1400028DD0B22524294468444BE4216D24F46FA
:10D150006246083F3968002A13D0981A0B009540A0
:10D16000C3401C4C1D432C4323009140BE420BD2B4
:10D170004C460C3C2468C440214305E000210B28A8
:10D1800021D114482843030008001900C0BCB94647
:10D19000B046F8BD0B210B1A98462B004246D340EF
:10D1A00019000C4C21430B0000218C46BE4204D2D6
:10D1B0004C46083C2468D440A446290015308140E0
:10D1C00060460143E0E763469D40024929430B0066
:10D1D0000021D9E70000F03FF0B5C64600B50121B7
:10D1E00082B016001F00FFF739FB804600284AD0A6
:10D1F0003B037D001B0B6D0D02D0802252031343B5
:10D200000193002E19D101A8FFF738FC4246019B7B
:10D2100001245361434620301C61002D25D0352464
:10D220001C4BED18089B2D181D60201A099B1860D7
:10D23000404602B080BCB846F0BD68460096FFF795
:10D240001DFC019C009B002805D020222100121A01
:10D250009140C4400B43424653619461631E9C411C
:10D26000434601341C61002DD9D10B4BC018089BDB
:10D2700018600023E3189B0043441869FFF7CEFBB6
:10D280006401201AD2E70022044B05480549F7F74C
:10D29000B3F9C046CDFBFFFFCEFBFFFF14D8001053
:10D2A000E0D800100F030000F0B587B00E0004A90D
:10D2B0000700FFF72FFF04000D00300005A90294BE
:10D2C0000395FFF727FF3F69366900900191BE1B68
:10D2D0007301059F049EF61BF618002E0CDD360523
:10D2E00073190393029C039D2000009A019B29005F
:10D2F000F4F7F1FF07B0F0BD019B3205991A0090D9
:10D300000191F1E7944601394B11013361469B00CD
:10D31000C2186346096914338900591830B58B4225
:10D320000BD2040020CB20C49942FBD86346CB1A11
:10D33000153B9B089B0004301818824203D9002338
:10D3400008C08242FCD830BD8C46010063460269A9
:10D3500010B51431581182420ADA92008B1803E09A
:10D36000043B1A68002A15D18B42F9D8002010BD61
:10D370008300CB188242F7DD1F22604664461040CE
:10D380002242F1D01A689446C2408240012094455E
:10D39000EDD1E9E70120EAE7124BF0B5060098422B
:10D3A0001BD80024104D114F02E0541CA54214DB81
:10D3B0006319DA0FD218521053009B185B00FB1848
:10D3C0005988587809020143988840188642ECD859
:10D3D0008E4204D2551EA542EADAFF20F0BD18782D
:10D3E000FCE7C046EF010E00F9080000201B011009
:10D3F00001B40248844601BC604700BFD10300204D
:10D4000001B40248844601BC604700BF3D0C0020C7
:10D4100001B40248844601BC604700BF6910002087
:10D4200001B40248844601BC604700BFED0B0020F8
:10D4300001B40248844601BC604700BF890B00204C
:10D4400001B40248844601BC604700BF8902002045
:10D4500001B40248844601BC604700BF650100205A
:10D4600001B40248844601BC604700BF650F00203C
:10D4700001B40248844601BC604700BFC1000020DF
:10D4800001B40248844601BC604700BF99010020F6
:10D4900001B40248844601BC604700BF610F002010
:10D4A00001B40248844601BC604700BFB10B0020B4
:10D4B00001B40248844601BC604700BFB90E002099
:10D4C00001B40248844601BC604700BF610F0020E0
:10D4D00001B40248844601BC604700BFD50100206A
:10D4E000CD1B0010F91B0010DD1D0010392D0010A0
:10D4F00019250010552C0010051D0010151C0010DA
:10D50000351C0010491C00106D0D0010511C00103E
:10D510002D110010951B0010A9090010C54F001017
:10D520005220504F4E47207069636F2D616437362B
:10D53000303620763120256C750A000044203020DA
:10D540002564202564202564202564202564202569
:10D55000642025642025640A000000005220455202
:10D560005220627573792D74696D656F7574000052
:10D57000522053545245414D20256C750A0000003D
:10D580000A522053544F5050454420256C750A00D0
:10D59000256C7520256C75005220444F4E45202582
:10D5A0006C750A00522053544F5050454420256C4E
:10D5B000750A00004420256C752025642025642010
:10D5C00025642025642025642025642025642025E9
:10D5D000640A0000522045525220626164636D6407
:10D5E000000000000A2A2A2A2050414E4943202ADE
:10D5F0002A2A0A004E6F207370696E6C6F636B731A
:10D600002061726520617661696C61626C65000001
:10D610004E6F207573657220495251732061726597
:10D6200020617661696C61626C65000048617264BA
:10D630007761726520616C61726D20256420616C78
:10D64000726561647920636C61696D6564000000D6
:10D650004861726420617373657274004F75742041
:10D660006F66206D656D6F727900000052656C65A4
:10D6700061736500626F6F74325F77323571303875
:10D6800030000000322E332E300000007069636FCE
:10D690005F7700007069636F5F6164373630360012
:10D6A000536570202032203230323600666E692B8E
:10D6B00000000000666E69006E616E00666E692D86
:10D6C000000000002C2066756E6374696F6E3A204E
:10D6D00000000000617373657274696F6E2022250B
:10D6E0007322206661696C65643A2066696C652006
:10D6F000222573222C206C696E65202564257325F4
:10D70000730A000055534220737464696E202F2001
:10D710007374646F75740000526173706265727225
:10D7200079205069000000005069636F000000001C
:10D73000426F617264204344430000005265736588
:10D7400074000000556E68616E646C656420495217
:10D750005120307825780A00657020253032582015
:10D7600077617320616C72656164792061766169AB
:10D770006C61626C6500000043616E277420636F0A
:10D780006E74696E75652078666572206F6E2069AB
:10D790006E616374697665206570202530325800AB
:10D7A00065256C64000000002E0000004C435F43C0
:10D7B0004F4C4C41544500004C435F435459504535
:10D7C000000000004C435F4D4F4E455441525900FC
:10D7D0004C435F4E554D4552494300004C435F5406
:10D7E000494D45004C435F4D455353414745530018
:10D7F0006E660000696E697479000000616E000059
:10D800004A495300534A4953000000004555434AD2
:10D810005000000042616C6C6F6320737563636538
:10D8200065646564000000002F686F6D652F696C8A
:10D83000672F616374696F6E732D72756E6E65729A
:10D84000732F787061636B2D6465762D746F6F6CC8
:10D85000732F322F5F776F726B2F61726D2D6E6F2A
:10D860006E652D656162692D6763632D78706163F4
:10D870006B2F61726D2D6E6F6E652D656162692D06
:10D880006763632D787061636B2F6275696C642DBB
:10D890006173736574732F6275696C642F77696E39
:10D8A00033322D7836342F736F75726365732F6E34
:10D8B00065776C69622D63796777696E2F6E65771E
:10D8C0006C69622F6C6962632F7374646C69622F78
:10D8D0006764746F612D6765746865782E630000F6
:10D8E0002F686F6D652F696C672F616374696F6E48
:10D8F000732D72756E6E6572732F787061636B2D08
:10D900006465762D746F6F6C732F322F5F776F7233
:10D910006B2F61726D2D6E6F6E652D656162692D65
:10D920006763632D787061636B2F61726D2D6E6F0D
:10D930006E652D656162692D6763632D7870616323
:10D940006B2F6275696C642D6173736574732F62DC
:10D9500075696C642F77696E33322D7836342F7386
:10D960006F75726365732F6E65776C69622D63796D
:10D970006777696E2F6E65776C69622F6C69626379
:10D980002F7374646C69622F6D707265632E63000F
:10D99000FFFFFFFFFFFFFF7F06005250D3F07542ED
:10D9A0006CD6001006005250E182887F74D60010B9
:10D9B00006005250ABB3605384D60010060052509C
:10D9C000BBFF3CB68CD6001006005250861C0302EA
:10D9D00094D60010060052505422A29DA0D60010EA
:10D9E00005005250DE65F468106B0110AC3A00106F
:10D9F000643A0010643A0010A43A0010643A00102F
:10DA0000643A0010643A0010643A0010643A00105E
:10DA1000643A0010643A00109C3A0010643A001016
:10DA2000963A0010643A0010643A00108E3A0010E2
:10DA3000A03C0010BE3A0010943C0010BE3A00100A
:10DA4000823C0010BE3A0010BE3A0010BE3A0010F0
:10DA5000BE3A0010BE3A0010BE3A0010BE3A0010A6
:10DA6000B43A0010BE3A0010BE3A0010BE3A0010A0
:10DA7000BE3A0010BE3A0010B43A0010343D001017
:10DA8000223A0010223A0010223A0010223A0010E6
:10DA9000223A0010223A0010223A0010223A0010D6
:10DAA000223A0010223A0010223A0010223A0010C6
:10DAB000223A0010223A0010223A0010223A0010B6
:10DAC000223A0010223A0010223A0010223A0010A6
:10DAD000223A0010223A0010223A0010223A001096
:10DAE000223A0010223A0010223A0010223A001086
:10DAF000223A0010223A0010223A0010B03C0010E6
:10DB0000EC3C0010B03C0010223A0010223A001009
:10DB1000223A0010223A0010223A0010223A001055
:10DB2000223A0010223A0010223A0010223A001045
:10DB3000223A0010223A0010223A0010223A001035
:10DB4000223A0010223A0010CC3E0010223A001077
:10DB5000223A0010223A0010223A0010223A001015
:10DB6000223A0010223A0010223A0010223A001005
:10DB7000CC3E0010443D0010CC3E0010B03C0010E4
:10DB8000EC3C0010B03C0010000000000000F03F32
:10DB90000000000000002440000000000000594088
:10DBA0000000000000408F40000000000088C340DB
:10DBB00000000000006AF8400000000080842E4150
:10DBC00000000000D01263410000000084D797419C
:10DBD0000000000065CDCD410D0A00000600525046
:10DBE00053B4F4A104D700100000000018D70010AF
:10DBF00028D700104428002030D700103CD7001050
:10DC000009025400030100807D080B00020202009B
:10DC1000000904000001020200040524002001059F
:10DC200024010001042402060524060001070581E1
:10DC30000308001009040100020A000000070502A1
:10DC400002400000070582024000000904020000B3
:10DC5000FF00010512011002EF0201408A2E0A00A6
:10DC600000010102030100000A0000000000030699
:10DC7000A6000800020002009C001400030057499F
:10DC80004E555342000000000000000000008000DC
:10DC9000040001002800440065007600690063006C
:10DCA000650049006E007400650072006600610046
:10DCB00063006500470055004900440000004E0025
:10DCC0007B006200630037003300390038006300D6
:10DCD00031002D0037003300630064002D00340054
:10DCE0006300620037002D00390038006200380000
:10DCF0002D003900310033006100380066006300F8
:10DD0000610037006200660036007D000000000000
:10DD1000050F2100011C100500DF60DDD88945C713
:10DD20004C9CD2659D9E648A9F00000306A600015C
:10DD30000000000000000000F15100100000000091
:10DD4000F5510010015200102D5200102952001000
:10DD50000000000052570010B85800104059001041
:10DD600090580010A258001080580010F257001070
:10DD70009E570010925700105C5C0010425C00102F
:10DD80002C5A00107C5C00102C5A00102A5C0010E9
:10DD9000165C00102C5A0010025C0010145B00107E
:10DDA0002C5A0010DA5E0010CC5E0010C05E00102D
:10DDB0002C5A00102C5A0010AA5E0010CC5E0010E5
:10DDC0002C5A00102C5A00102C5A00102C5A0010FB
:10DDD0002C5A00102C5A00102C5A0010665E0010AD
:10DDE000080D0020080D0020520D0020720D0020AB
:10DDF000B20D0020C40D0020000D00200000000026
:10DE00005D640010CD640010FD64001045650010D5
:10DE1000ED650010DD6600100000000000202020ED
:10DE200020202020202028282828282020202020CA
:10DE3000202020202020202020202020208810109A
:10DE400010101010101010101010101010040404F6
:10DE500004040404040404101010101010104141B4
:10DE600041414141010101010101010101010101A2
:10DE700001010101010101011010101010104242B6
:10DE80004242424202020202020202020202020272
:10DE90000202020202020202101010102000000012
:10DEA0000000000000000000000000000000000072
:10DEB0000000000000000000000000000000000062
:10DEC0000000000000000000000000000000000052
:10DED0000000000000000000000000000000000042
:10DEE0000000000000000000000000000000000032
:10DEF0000000000000000000000000000000000022
:10DF00000000000000000000000000000000000011
:10DF10000000000000000000000000000000000001
:10DF20008E8F0010708700107087001070870010AF
:10DF300070870010788F00107087001070870010B5
:10DF400070870010708700107087001064880010C0
:10DF500064880010648800106488001064880010D1
:10DF600064880010648800106488001064880010C1
:10DF70006488001070870010708700107087001090
:10DF80007087001070870010708700107087001075
:10DF90008488001070870010848A00108C8E001016
:10DFA0008488001084880010848800107087001016
:10DFB000708700107087001070870010DC870010D9
:10DFC00070870010708700106E8E00107087001030
:10DFD0007087001070870010628F0010708700102B
:10DFE0007087001070870010708700107089001013
:10DFF0007087001070870010348C0010708700103C
:10E0000070870010708700107087001070870010F4
:10E010008488001070870010B0890010528A0010A8
:10E020008488001084880010848800106C8A001096
:10E03000008C0010DC870010708700102A8F001001
:10E04000448F0010008F0010AA8E0010CE8E00109A
:10E050007087001070870010EE8E0010D2870010BD
:10E060001A8C0010708700107087001070890010E3
:10E0700070870010D287001046910010D08F0010DA
:10E0800046910010D08F0010D08F001038930010F0
:10E090005C9000105C9000105C9000105C90001090
:10E0A0005C9000105C9000105C9000105C90001080
:10E0B0005C900010D08F0010D08F0010D08F001017
:10E0C000D08F0010D08F0010D08F0010D08F001094
:10E0D0002A91001056900010569000105690001093
:10E0E0005492001034920010D08F0010D08F001086
:10E0F0006C910010D08F0010D08F0010D08F0010C6
:10E10000D08F001004930010D08F0010FC920010EC
:10E11000D08F0010D08F0010D08F0010EE92001022
:10E12000D08F0010D08F0010D08F0010B092001050
:10E13000A2920010D08F0010D08F0010D08F00104E
:10E14000D08F0010D08F0010D08F0010D08F001013
:10E150002A91001056900010569000105690001012
:10E160005492001034920010D08F0010D08F001005
:10E170006C910010D08F0010D08F0010D08F001045
:10E18000D08F001004930010D08F0010FC9200106C
:10E19000D08F0010D08F0010D08F0010EE920010A2
:10E1A000D08F0010D08F0010D08F0010B0920010D0
:10E1B000A29200109C940010109400109C940010E7
:10E1C0001094001010940010B69400106E9400107B
:10E1D0006E9400106E9400106E9400106E940010F7
:10E1E0006E9400106E940010A6940010A694001077
:10E1F000109400101094001010940010109400104F
:10E20000109400101094001010940010EA93001065
:10E21000EA930010EA930010EA930010EA930010CA
:10E22000EA93001010940010109400101094001045
:10E23000109400101094001010940010109400100E
:10E2400010940010109400101094001010940010FE
:10E2500010940010109400101094001010940010EE
:10E2600010940010109400107E9400101094001070
:10E2700010940010109400101094001010940010CE
:10E28000109400101094001010940010EA930010E5
:10E29000EA930010EA930010EA930010EA9300104A
:10E2A000EA930010109400101094001010940010C5
:10E2B000109400101094001010940010109400108E
:10E2C000109400101094001010940010109400107E
:10E2D000109400101094001010940010109400106E
:10E2E00010940010109400107E9400100A00010099
:10E2F00002000300040005000600070008000900F2
:10E300000A000B000C000D000E000F0010000000B2
:10E3100038A90010CEA70010CEA70010CEA700107D
:10E32000CEA70010CEA70010CEA70010CEA70010D9
:10E33000CEA70010DEA80010DEA80010DEA8001096
:10E34000DEA80010DEA80010CEA70010CEA7001097
:10E35000CEA70010CEA70010CEA70010CEA70010A9
:10E36000CEA70010CEA70010CEA70010CEA7001099
:10E37000CEA70010CEA70010CEA70010CEA7001089
:10E38000CEA70010CEA70010CEA70010CEA7001079
:10E39000DEA80010CEA70010CEA70010CEA7001058
:10E3A000CEA70010CEA70010CEA70010CEA7001059
:10E3B000CEA70010CEA70010CEA7001044AF0010CB
:10E3C000CEA7001056AF0010ACB600102CB3001052
:10E3D0007EB3001078B3001064B300102CB30010AB
:10E3E00034000000CEFBFFFFCB0300000100000063
:10E3F0000000000035000000CEFBFFFFCB03000053
:10E400000100000000000000BC89D897B2D29C3CFB
:10E4100033A7A8D523F649393DA7F444FD0FA5320B
:10E420009D978CCF08BA5B25436FAC6428066811B2
:10E43000C4BD0010B4BD0010A6BD00109CBD0010EE
:10E4400090BD00107CBD001068BD0010CEBD001056
:10E450000C5F104E154E2A4E314E364E3C4E3F4EFE
:10E46000424E564E584E824E854E6B8C8A4E1282CC
:10E470000D5F8E4E9E4E9F4EA04EA24EB04EB34E9E
:10E48000B64ECE4ECD4EC44EC64EC24ED74EDE4ECA
:10E49000ED4EDF4EF74E094F5A4F304F5B4F5D4FF9
:10E4A000574F474F764F884F8F4F984F7B4F694F4D
:10E4B000704F914F6F4F864F964F1851D44FDF4F8B
:10E4C000CE4FD84FDB4FD14FDA4FD04FE44FE54F0F
:10E4D0001A50285014502A50255005501C4FF64F02
:10E4E000215029502C50FE4FEF4F115006504350F1
:10E4F000475003675550505048505A5056506C5032
:10E50000785080509A508550B450B250C950CA507B
:10E51000B350C250D650DE50E550ED50E350EE50AF
:10E52000F950F5500951015102511651155114512C
:10E530001A5121513A5137513C513B513F514051B1
:10E5400052514C5154516251F87A69516A516E518D
:10E5500080518251D8568C5189518F51915193518C
:10E5600095519651A451A651A251A951AA51AB510E
:10E57000B351B151B251B051B551BD51C551C9514D
:10E58000DB51E0515586E951ED51F051F551FE5105
:10E5900004520B5214520E5227522A522E52335208
:10E5A00039524F5244524B524C525E5254526A525C
:10E5B0007452695273527F527D528D5294529252CC
:10E5C000715288529152A88FA78FAC52AD52BC5253
:10E5D000B552C152CD52D752DE52E352E652ED98B7
:10E5E000E052F352F552F852F95206530853387577
:10E5F0000D5310530F5315531A5323532F533153A5
:10E6000033533853405346534553174E49534D5394
:10E61000D6515E5369536E5318597B5377538253C7
:10E620009653A053A653A553AE53B053B653C353FA
:10E63000127CD996DF53FC66EE71EE53E853ED532E
:10E64000FA5301543D5440542C542D543C542E54F0
:10E65000365429541D544E548F5475548E545F545F
:10E6600071547754705492547B548054765484542B
:10E6700090548654C754A254B854A554AC54C454AE
:10E68000C854A854AB54C254A454BE54BC54D85417
:10E69000E554E6540F551455FD54EE54ED54FA5418
:10E6A000E2543955405563554C552E555C554555EA
:10E6B00056555755385533555D5599558055AF5476
:10E6C0008A559F557B557E5598559E55AE557C5520
:10E6D0008355A9558755A855DA55C555DF55C455F5
:10E6E000DC55E455D4551456F7551656FE55FD55D0
:10E6F0001B56F9554E565056DF7134563656325623
:10E7000038566B5664562F566C566A568656805647
:10E710008A56A05694568F56A556AE56B656B4563F
:10E72000C256BC56C156C356C056C856CE56D15610
:10E73000D356D756EE56F9560057FF560457095789
:10E7400008570B570D57135718571657C7551C57CF
:10E750002657375738574E573B5740574F576957EB
:10E76000C057885761577F5789579357A057B3575A
:10E77000A457AA57B057C357C657D457D257D357E1
:10E780000A58D657E3570B5819581D587258215834
:10E7900062584B587058C06B52583D58795885583C
:10E7A000B9589F58AB58BA58DE58BB58B858AE58ED
:10E7B000C558D358D158D758D958D858E558DC58E7
:10E7C000E458DF58EF58FA58F958FB58FC58FD58F0
:10E7D00002590A5910591B59A66825592C592D5907
:10E7E000325938593E59D27A555950594E595A5979
:10E7F00058596259605967596C5969597859815902
:10E800009D595E4FAB4FA359B259C659E859DC59CF
:10E810008D59D959DA59255A1F5A115A1C5A095A71
:10E820001A5A405A6C5A495A355A365A625A6A5AD2
:10E830009A5ABC5ABE5ACB5AC25ABD5AE35AD75AF0
:10E84000E65AE95AD65AFA5AFB5A0C5B0B5B165B2E
:10E85000325BD05A2A5B365B3E5B435B455B405B79
:10E86000515B555B5A5B5B5B655B695B705B735BC4
:10E87000755B785B88657A5B805B835BA65BB85B66
:10E88000C35BC75BC95BD45BD05BE45BE65BE25B0D
:10E89000DE5BE55BEB5BF05BF65BF35B055C075C0B
:10E8A000085C0D5C135C205C225C285C385C395C85
:10E8B000415C465C4E5C535C505C4F5C715B6C5CD5
:10E8C0006E5C624E765C795C8C5C915C945C9B596E
:10E8D000AB5CBB5CB65CBC5CB75CC55CBE5CC75C7F
:10E8E000D95CE95CFD5CFA5CED5C8C5DEA5C0B5D1F
:10E8F000155D175D5C5D1F5D1B5D115D145D225D27
:10E900001A5D195D185D4C5D525D4E5D4B5D6C5D31
:10E91000735D765D875D845D825DA25D9D5DAC5DAE
:10E92000AE5DBD5D905DB75DBC5DC95DCD5DD35D28
:10E93000D25DD65DDB5DEB5DF25DF55D0B5E1A5E73
:10E94000195E115E1B5E365E375E445E435E405E5E
:10E950004E5E575E545E5F5E625E645E475E755EED
:10E96000765E7A5EBC9E7F5EA05EC15EC25EC85E61
:10E97000D05ECF5ED65EE35EDD5EDA5EDB5EE25EDB
:10E98000E15EE85EE95EEC5EF15EF35EF05EF45E31
:10E99000F85EFE5E035F095F5D5F5C5F0B5F115FAA
:10E9A000165F295F2D5F385F415F485F4C5F4E5FA8
:10E9B0002F5F515F565F575F595F615F6D5F735F98
:10E9C000775F835F825F7F5F8A5F885F915F875F2A
:10E9D0009E5F995F985FA05FA85FAD5FBC5FD65FE9
:10E9E000FB5FE45FF85FF15FDD5FB360FF5F2160B5
:10E9F00060601960106029600E6031601B601560F6
:10EA00002B6026600F603A605A6041606A607760F0
:10EA10005F604A6046604D6063604360646042606E
:10EA20006C606B60596081608D60E76083609A60A4
:10EA300084609B60966097609260A7608B60E160E5
:10EA4000B860E060D360B460F05FBD60C660B56080
:10EA5000D8604D6115610661F660F7600061F46091
:10EA6000FA6003612161FB60F1600D610E61476135
:10EA70003E61286127614A613F613C612C613461DC
:10EA80003D614261446173617761586159615A61C6
:10EA90006B6174616F61656171615F615D6153613B
:10EAA0007561996196618761AC6194619A618A61CF
:10EAB0009161AB61AE61CC61CA61C961F761C86146
:10EAC000C361C661BA61CB61797FCD61E661E36103
:10EAD000F661FA61F461FF61FD61FC61FE61006253
:10EAE000086209620D620C6214621B621E6221627E
:10EAF0002A622E6230623262336241624E625E622C
:10EB000063625B62606268627C62826289627E626A
:10EB1000926293629662D46283629462D762D16297
:10EB2000BB62CF62FF62C662D464C862DC62CC6240
:10EB3000CA62C262C7629B62C9620C63EE62F16222
:10EB4000276302630863EF62F56250633E634D63BF
:10EB50001C644F6396638E638063AB637663A363C9
:10EB60008F6389639F63B5636B636963BE63E963A6
:10EB7000C063C663E363C963D263F663C4631664A8
:10EB8000346406641364266436641D65176428645F
:10EB90000F6467646F6476644E642A659564936459
:10EBA000A564A9648864BC64DA64D264C564C7647B
:10EBB000BB64D864C264F164E7640982E064E16420
:10EBC000AC62E364EF642C65F664F464F264FA64A6
:10EBD0000065FD6418651C650565246523652B6566
:10EBE000346535653765366538654B7548655665F6
:10EBF00055654D6558655E655D65726578658265CC
:10EC000083658A8B9B659F65AB65B765C365C66584
:10EC1000C165C465CC65D265DB65D965E065E16534
:10EC2000F16572670A660366FB657367356636666B
:10EC300034661C664F664466496641665E665D667C
:10EC40006466676668665F66626670668366886625
:10EC50008E668966846698669D66C166B966C96671
:10EC6000BE66BC66C466B866D666DA66E0663F66AF
:10EC7000E666E966F066F566F7660F6716671E6773
:10EC80002667276738972E673F673667416738677B
:10EC9000376746675E676067596763676467896758
:10ECA0007067A9677C676A678C678B67A667A167CF
:10ECB0008567B767EF67B467EC67B367E967B867FD
:10ECC000E467DE67DD67E267EE67B967CE67C66750
:10ECD000E7679C6A1E684668296840684D68326824
:10ECE0004E68B3682B685968636877687F689F6867
:10ECF0008F68AD6894689D689B688368AE6AB968E0
:10ED00007468B568A068BA680F698D687E68016923
:10ED1000CA680869D86822692669E1680C69CD6803
:10ED2000D468E768D568366912690469D768E3680A
:10ED30002569F968E068EF6828692A691A69236912
:10ED40002169C668796977695C6978696B69546912
:10ED50007E696E69396974693D69596930696169AB
:10ED60005E695D6981696A69B269AE69D069BF69C6
:10ED7000C169D369BE69CE69E85BCA69DD69BB69EF
:10ED8000C369A7692E6A9169A0699C699569B4698C
:10ED9000DE69E869026A1B6AFF690A6BF969F26950
:10EDA000E769056AB1691E6AED69146AEB690A6A66
:10EDB000126AC16A236A136A446A0C6A726A366A02
:10EDC000786A476A626A596A666A486A386A226A71
:10EDD000906A8D6AA06A846AA26AA36A976A178693
:10EDE000BB6AC36AC26AB86AB36AAC6ADE6AD16ACD
:10EDF000DF6AAA6ADA6AEA6AFB6A056B1686FA6A49
:10EE0000126B166B319B1F6B386B376BDC76396B73
:10EE1000EE98476B436B496B506B596B546B5B6B54
:10EE20005F6B616B786B796B7F6B806B846B836BD3
:10EE30008D6B986B956B9E6BA46BAA6BAB6BAF6B7A
:10EE4000B26BB16BB36BB76BBC6BC66BCB6BD36B7D
:10EE5000DF6BEC6BEB6BF36BEF6BBE9E086C136CB4
:10EE6000146C1B6C246C236C5E6C556C626C6A6C4D
:10EE7000826C8D6C9A6C816C9B6C7E6C686C736C14
:10EE8000926C906CC46CF16CD36CBD6CD76CC56C1F
:10EE9000DD6CAE6CB16CBE6CBA6CDB6CEF6CD96CBB
:10EEA000EA6C1F6D4D88366D2B6D3D6D386D196D9B
:10EEB000356D336D126D0C6D636D936D646D5A6DB0
:10EEC000796D596D8E6D956DE46F856DF96D156E6B
:10EED0000A6EB56DC76DE66DB86DC66DEC6DDE6D15
:10EEE000CC6DE86DD26DC56DFA6DD96DE46DD56DE3
:10EEF000EA6DEE6D2D6E6E6E2E6E196E726E5F6E19
:10EF00003E6E236E6B6E2B6E766E4D6E1F6E436E75
:10EF10003A6E4E6E246EFF6E1D6E386E826EAA6E55
:10EF2000986EC96EB76ED36EBD6EAF6EC46EB26EA4
:10EF3000D46ED56E8F6EA56EC26E9F6E416F116FCF
:10EF40004C70EC6EF86EFE6E3F6FF26E316FEF6ECE
:10EF5000326FCC6E3E6F136FF76E866F7A6F786F7D
:10EF6000816F806F6F6F5B6FF36F6D6F826F7C6F00
:10EF7000586F8E6F916FC26F666FB36FA36FA16F83
:10EF8000A46FB96FC66FAA6FDF6FD56FEC6FD46FC8
:10EF9000D86FF16FEE6FDB6F09700B70FA6F117045
:10EFA00001700F70FE6F1B701A70746F1D701870F7
:10EFB0001F7030703E703270517063709970927033
:10EFC000AF70F170AC70B870B370AE70DF70CB70B2
:10EFD000DD70D9700971FD701C7119716571557101
:10EFE0008871667162714C7156716C718F71FB71B1
:10EFF00084719571A871AC71D771B971BE71D271FC
:10F00000C971D471CE71E071EC71E771F571FC7169
:10F01000F971FF710D7210721B7228722D722C72B1
:10F02000307232723B723C723F72407246724B7267
:10F03000587274727E728272817287729272967244
:10F04000A272A772B972B272C372C672C472CE7261
:10F05000D272E272E072E172F972F7720F501773B6
:10F060000A731C7316731D7334732F7329732573FE
:10F070003E734E734F73D89E57736A736873707381
:10F08000787375737B737A73C873B373CE73BB7302
:10F09000C073E573EE73DE73A27405746F74257428
:10F0A000F87332743A7455743F745F7459744174D0
:10F0B0005C746974707463746A7476747E748B742F
:10F0C0009E74A774CA74CF74D474F173E074E3743B
:10F0D000E774E974EE74F274F074F174F874F77410
:10F0E0000475037505750C750E750D75157513751D
:10F0F0001E7526752C753C7544754D754A75497598
:10F100005B7546755A756975647567756B756D7550
:10F11000787576758675877574758A758975827543
:10F1200094759A759D75A575A375C275B375C375EC
:10F13000B575BD75B875BC75B175CD75CA75D27527
:10F14000D975E375DE75FE75FF75FC750176F07592
:10F15000FA75F275F3750B760D7609761F762776BC
:10F160002076217622762476347630763B76477682
:10F17000487646765C765876617662766876697609
:10F180006A7667766C7670767276767678767C7646
:10F190008076837688768B768E7696769376997659
:10F1A0009A76B076B476B876B976BA76C276CD76F7
:10F1B000D676D276DE76E176E576E776EA762F8643
:10F1C000FB76087707770477297724771E772577EA
:10F1D00026771B773777387747775A7768776B7753
:10F1E0005B7765777F777E7779778E778B77917787
:10F1F000A0779E77B077B677B977BF77BC77BD77C2
:10F20000BB77C777CD77D777DA77DC77E377EE7799
:10F21000FC770C781278267920782A7945788E78D0
:10F22000747886787C789A788C78A378B578AA7880
:10F23000AF78D178C678CB78D478BE78BC78C578EA
:10F24000CA78EC78E778DA78FD78F478077912797B
:10F25000117919792C792B794079607957795F790F
:10F260005A79557953797A797F798A799D79A7790D
:10F270004B9FAA79AE79B379B979BA79C979D57939
:10F28000E779EC79E179E379087A0D7A187A197AD5
:10F29000207A1F7A8079317A3B7A3E7A377A437ABC
:10F2A000577A497A617A627A697A9D9F707A797A17
:10F2B0007D7A887A977A957A987A967AA97AC87AAE
:10F2C000B07AB67AC57AC47ABF7A8390C77ACA7A96
:10F2D000CD7ACF7AD57AD37AD97ADA7ADD7AE17AA9
:10F2E000E27AE67AED7AF07A027B0F7B0A7B067B84
:10F2F000337B187B197B1E7B357B287B367B507BD1
:10F300007A7B047B4D7B0B7B4C7B457B757B657BE4
:10F31000747B677B707B717B6C7B6E7B9D7B987B4A
:10F320009F7B8D7B9C7B9A7B8B7B927B8F7B5D7B9A
:10F33000997BCB7BC17BCC7BCF7BB47BC67BDD7BDE
:10F34000E97B117C147CE67BE57B607C007C077CA0
:10F35000137CF37BF77B177C0D7CF67B237C277C6F
:10F360002A7C1F7C377C2B7C3D7C4C7C437C547CF2
:10F370004F7C407C507C587C5F7C647C567C657CF8
:10F380006C7C757C837C907CA47CAD7CA27CAB7C0B
:10F39000A17CA87CB37CB27CB17CAE7CB97CBD7C0A
:10F3A000C07CC57CC27CD87CD27CDC7CE27C3B9B74
:10F3B000EF7CF27CF47CF67CFA7C067D027D1C7D81
:10F3C000157D0A7D457D4B7D2E7D327D3F7D357DD2
:10F3D000467D737D567D4E7D727D687D6E7D4F7D51
:10F3E000637D937D897D5B7D8F7D7D7D9B7DBA7DFA
:10F3F000AE7DA37DB57DC77DBD7DAB7D3D7EA27D10
:10F40000AF7DDC7DB87D9F7DB07DD87DDD7DE47DE9
:10F41000DE7DFB7DF27DE17D057E0A7E237E217E01
:10F42000127E317E1F7E097E0B7E227E467E667EA8
:10F430003B7E357E397E437E377E327E3A7E677EE6
:10F440005D7E567E5E7E597E5A7E797E6A7E697EBC
:10F450007C7E7B7E837ED57D7D7EAE8F7F7E887E2B
:10F46000897E8C7E927E907E937E947E967E8E7E2A
:10F470009B7E9C7E387F3A7F457F4C7F4D7F4E7FC1
:10F48000507F517F557F547F587F5F7F607F687FBB
:10F49000697F677F787F827F867F837F887F877F92
:10F4A0008C7F947F9E7F9D7F9A7FA37FAF7FB27F6B
:10F4B000B97FAE7FB67FB87F718BC57FC67FCA7FAD
:10F4C000D57FD47FE17FE67FE97FF37FF97FDC980A
:10F4D000068004800B801280188019801C80218097
:10F4E00028803F803B804A804680528058805A80E6
:10F4F0005F8062806880738072807080768079809F
:10F500007D807F808480868085809B8093809A80A8
:10F51000AD809051AC80DB80E580D980DD80C480F7
:10F52000DA80D6800981EF80F1801B8129812381D7
:10F530002F814B818B9646813E8153815181FC8086
:10F5400071816E81658166817481838188818A8100
:10F5500080818281A0819581A481A3815F81938133
:10F56000A981B081B581BE81B881BD81C081C281D0
:10F57000BA81C981CD81D181D981D881C881DA810F
:10F58000DF81E081E781FA81FB81FE8101820282D5
:10F59000058207820A820D821082168229822B82BE
:10F5A000388233824082598258825D825A825F82D9
:10F5B0006482628268826A826B822E827182778222
:10F5C00078827E828D829282AB829F82BB82AC8265
:10F5D000E182E382DF82D282F482F382FA82938331
:10F5E0000383FB82F982DE820683DC820983D9826F
:10F5F0003583348316833283318340833983508348
:10F6000045832F832B831783188385839A83AA834B
:10F610009F83A283968323838E8387838A837C83BD
:10F62000B58373837583A0838983A883F48313844C
:10F63000EB83CE83FD830384D8830B84C183F7835C
:10F640000784E083F2830D8422842084BD83388480
:10F650000685FB836D842A843C845A858484778460
:10F660006B84AD846E848284698446842C846F8428
:10F6700079843584CA846284B984BF849F84D984A0
:10F68000CD84BB84DA84D084C184C684D684A1842A
:10F690002185FF84F484178518852C851F851585A1
:10F6A0001485FC844085638558854885418502869C
:10F6B0004B8555858085A485888591858A85A88513
:10F6C0006D8594859B85EA8587859C8577857E8574
:10F6D0009085C985BA85CF85B985D085D585DD85E5
:10F6E000E585DC85F9850A8613860B86FE85FA8515
:10F6F000068622861A8630863F864D86554E54866B
:10F700005F86678671869386A386A986AA868B867E
:10F710008C86B686AF86C486C686B086C9862388A0
:10F72000AB86D486DE86E986EC86DF86DB86EF86CE
:10F7300012870687088700870387FB86118709875A
:10F740000D87F9860A8734873F8737873B87258768
:10F7500029871A8760875F8778874C874E877487E9
:10F76000578768876E875987538763876A870588B5
:10F77000A2879F878287AF87CB87BD87C087D087C7
:10F78000D696AB87C487B387C787C687BB87EF8703
:10F79000F287E0870F880D88FE87F687F7870E8847
:10F7A000D287118816881588228821883188368862
:10F7B000398827883B8844884288528859885E88DF
:10F7C00062886B8881887E889E8875887D88B588E8
:10F7D0007288828897889288AE889988A2888D8856
:10F7E000A488B088BF88B188C388C488D488D888E2
:10F7F000D988DD88F9880289FC88F488E888F2884D
:10F8000004890C890A89138943891E8925892A89D3
:10F810002B89418944893B89368938894C891D89DE
:10F8200060895E89668964896D896A896F8974894E
:10F8300077897E89838988898A8993899889A1892A
:10F84000A989A689AC89AF89B289BA89BD89BF89DE
:10F85000C089DA89DC89DD89E789F489F889038A36
:10F86000168A108A0C8A1B8A1D8A258A368A418A42
:10F870005B8A528A468A488A7C8A6D8A6C8A628A46
:10F88000858A828A848AA88AA18A918AA58AA68A78
:10F890009A8AA38AC48ACD8AC28ADA8AEB8AF38AD0
:10F8A000E78AE48AF18A148BE08AE28AF78ADE8AA0
:10F8B000DB8A0C8B078B1A8BE18A168B108B178BCC
:10F8C000208B338BAB97268B2B8B3E8B288B418BDE
:10F8D0004C8B4F8B4E8B498B568B5B8B5A8B6B8B28
:10F8E0005F8B6C8B6F8B748B7D8B808B8C8B8E8BFB
:10F8F000928B938B968B998B9A8B3A8C418C3F8C05
:10F90000488C4C8C4E8C508C558C628C6C8C788CCA
:10F910007A8C828C898C858C8A8C8D8C8E8C948C44
:10F920007C8C988C1D62AD8CAA8CBD8CB28CB38CF7
:10F93000AE8CB68CC88CC18CE48CE38CDA8CFD8CDC
:10F94000FA8CFB8C048D058D0A8D078D0F8D0D8D26
:10F95000108D4E9F138DCD8C148D168D678D6D8DF2
:10F96000718D738D818D998DC28DBE8DBA8DCF8D28
:10F97000DA8DD68DCC8DDB8DCB8DEA8DEB8DDF8D49
:10F98000E38DFC8D088E098EFF8D1D8E1E8E108ED0
:10F990001F8E428E358E308E348E4A8E478E498E23
:10F9A0004C8E508E488E598E648E608E2A8E638E59
:10F9B000558E768E728E7C8E818E878E858E848E0D
:10F9C0008B8E8A8E938E918E948E998EAA8EA18E16
:10F9D000AC8EB08EC68EB18EBE8EC58EC88ECB8ECE
:10F9E000DB8EE38EFC8EFB8EEB8EFE8E0A8F058FF8
:10F9F000158F128F198F138F1C8F1F8F1B8F0C8FDA
:10FA0000268F338F3B8F398F458F428F3E8F4C8FA0
:10FA1000498F468F4E8F578F5C8F628F638F648FB5
:10FA20009C8F9F8FA38FAD8FAF8FB78FDA8FE58FAE
:10FA3000E28FEA8FEF8F8790F48F0590F98FFA8F1E
:10FA40001190159021900D901E9016900B9027907C
:10FA5000369035903990F88F4F9050905190529049
:10FA60000E9049903E90569058905E9068906F909E
:10FA70007690A896729082907D90819080908A90E6
:10FA800089908F90A890AF90B190B590E290E4905B
:10FA90004862DB90029112911991329130914A9112
:10FAA00056915891639165916991739172918B917F
:10FAB00089918291A291AB91AF91AA91B591B491A4
:10FAC000BA91C091C191C991CB91D091D691DF915A
:10FAD000E191DB91FC91F591F6911E92FF911492C8
:10FAE0002C92159211925E9257924592499264928D
:10FAF000489295923F924B9250929C9296929392FA
:10FB00009B925A92CF92B992B792E9920F93FA923E
:10FB100044932E93199322931A9323933A933593F4
:10FB20003B935C9360937C936E935693B093AC93AA
:10FB3000AD939493B993D693D793E893E593D893E1
:10FB4000C393DD93D093C893E4931A9414941394BD
:10FB500003940794109436942B94359421943A94FA
:10FB60004194529444945B94609462945E946A9439
:10FB700029927094759477947D945A947C947E9491
:10FB800081947F94829587958A959495969598957A
:10FB90009995A095A895A795AD95BC95BB95B99558
:10FBA000BE95CA95F66FC395CD95CC95D595D49550
:10FBB000D695DC95E195E595E295219628962E96C9
:10FBC0002F9642964C964F964B9677965C965E96FD
:10FBD0005D965F96669672966C968D9698969596BB
:10FBE0009796AA96A796B196B296B096B496B69600
:10FBF000B896B996CE96CB96C996CD964D89DC9699
:10FC00000D97D596F99604970697089713970E9730
:10FC100011970F971697199724972A973097399726
:10FC20003D973E97449746974897429749975C97E8
:10FC30006097649766976897D2526B977197799798
:10FC400085977C9781977A9786978B978F979097D0
:10FC50009C97A897A697A397B397B497C397C6976F
:10FC6000C897CB97DC97ED974F9FF297DF7AF6977F
:10FC7000F5970F980C9838982498219837983D98C4
:10FC800046984F984B986B986F98709871987498A5
:10FC90007398AA98AF98B198B698C498C398C69824
:10FCA000E998EB980399099912991499189921994F
:10FCB0001D991E99249920992C992E993D993E9928
:10FCC00042994999459950994B99519952994C9912
:10FCD000559997999899A599AD99AE99BC99DF993D
:10FCE000DB99DD99D899D199ED99EE99F199F2992D
:10FCF000FB99F899019A0F9A059AE299199A2B9A09
:10FD0000379A459A429A409A439A3E9A559A4D9A02
:10FD10005B9A579A5F9A629A659A649A699A6B9A03
:10FD20006A9AAD9AB09ABC9AC09ACF9AD19AD39A4D
:10FD3000D49ADE9ADF9AE29AE39AE69AEF9AEB9ADD
:10FD4000EE9AF49AF19AF79AFB9A069B189B1A9BE3
:10FD50001F9B229B239B259B279B289B299B2A9BA0
:10FD60002E9B2F9B329B449B439B4F9B4D9B4E9BBB
:10FD7000519B589B749B939B839B919B969B979BBA
:10FD80009F9BA09BA89BB49BC09BCA9BB99BC69BF7
:10FD9000CF9BD19BD29BE39BE29BE49BD49BE19BBB
:10FDA0003A9CF29BF19BF09B159C149C099C139C24
:10FDB0000C9C069C089C129C0A9C049C2E9C1B9CE0
:10FDC000259C249C219C309C479C329C469C3E9CBC
:10FDD0005A9C609C679C769C789CE79CEC9CF09C71
:10FDE000099D089DEB9C039D069D2A9D269DAF9D28
:10FDF000239D1F9D449D159D129D419D3F9D3E9DB0
:10FE0000469D489D5D9D5E9D649D519D509D599D63
:10FE1000729D899D879DAB9D6F9D7A9D9A9DA49DA6
:10FE2000A99DB29DC49DC19DBB9DB89DBA9DC69D17
:10FE3000CF9DC29DD99DD39DF89DE69DED9DEF9DE3
:10FE4000FD9D1A9E1B9E1E9E759E799E7D9E819E87
:10FE5000889E8B9E8C9E929E959E919E9D9EA59E19
:10FE6000A99EB89EAA9EAD9E6197CC9ECE9ECF9E27
:10FE7000D09ED49EDC9EDE9EDD9EE09EE59EE89EAA
:10FE8000EF9EF49EF69EF79EF99EFB9EFC9EFD9EC5
:10FE9000079F089FB776159F219F2C9F3E9F4A9FE3
:10FEA000529F549F639F5F9F609F619F669F679F64
:10FEB0006C9F6A9F779F729F769F959F9C9FA09F44
:10FEC0002F58C76959906474DC5199719C4E16552E
:10FED000035A3F96C0541B612863F65922907584DB
:10FEE0001C83507AAA60E163256EED656684A68264
:10FEF000F59B93682757A16571629B5BD0597B8600
:10FF0000F498627DBE7D8E9B16629F7CB788895B6C
:10FF1000B55E096397664868C7958D974F67E54E4C
:10FF20000A4F4D4F9D4F4950F2563759D459015AF7
:10FF3000095CDF600F61706113660569BA704F7507
:10FF40007075FB79AD7DEF7DC3800E846388028B75
:10FF500055907A903B53954EA54EDF57B280C19095
:10FF6000EF78004EF158A26E3890327A28838B8257
:10FF70002F9C41517053BD54E154E056FB59155F1D
:10FF8000F298EB6DE4802D8562967096A096FB97B3
:10FF90000B54F353875BCF70BD7FC28FE8966F53CE
:10FFA0005C9DBA7A114E9378FC81266E18560455E2
:10FFB0001D6B1A853B9CE559A953666DDC748F95C2
:10FFC0004256914E4B90F2964F830C99E153B655A1
:10FFD000305B715F2066F3660468386CF36C296DE2
:10FFE0005B74C8764E7A3498F1825B88608AED92B1
:10FFF000B26DAB75CA76C599A660018B8A8DB29534
:020000041001E9
:100000008E69AD538651125730584459B45BF65E31
:100010002860A963F463BF6C146F8E7014715971FA
:10002000D5713F73017E7682D182978560905B9215
:100030001B9D6958BC655A6C2575F9512E59655937
:10004000805FDC5FBC62FA652A6A276BB46B8B73D6
:10005000C17F56892C9D0E9DC49EA15C966C7B83AE
:1000600004514B5CB661C68176686172594EFA4F95
:1000700078536960296E4F7AF3970B4E1653EE4E04
:10008000554F3D4FA14F734FA052EF5309560F5993
:10009000C15AB65BE15BD17987669C67B6674C6BEA
:1000A000B36C6B70C2738D79BE793C7A877BB182F9
:1000B000DB8204837783EF83D3836687B28A2956F2
:1000C000A88CE68F4E901E978A86C44FE85C11621A
:1000D00059723B75E581BD82FE86C08CC596139929
:1000E000D599CB4E1A4FE389DE564A58CA58FB5E63
:1000F000EB5F2A6094606260D0611262D062396501
:10010000419B6666B068776D70704C758676757DBC
:10011000A582F9878B958E969D8CF151BE5216590A
:10012000B354B35B165D68618269AF6D8D78CB8423
:100130005788728AA793B89A6C6DA899D986A357E5
:10014000FF67CE860E92835287560454D35EE162D7
:10015000B9643C683868BB6B7273BA786B7A9A89F9
:10016000D2896B8D038FED90A39594966997665B0A
:10017000B35C7D694D984E989B63207B2B6A7F6AA8
:10018000B6680D9C5F6F72529D557060EC623B6D5E
:10019000076ED16E5B841089448F144E399CF653E0
:1001A0001B693A6A84972A685C51C37AB284DC91ED
:1001B0008C935B56289D226805833184A57C085268
:1001C000C582E6747E4E834FA051D25B0A52D8524C
:1001D000E752FB5D9A552A58E6598C5B985BDB5BCE
:1001E000725E795EA3601F616361BE61DB636265FD
:1001F000D1675368FA683E6B536B576C226F976FE9
:10020000456FB0741875E3760B77FF7AA17B217C7C
:10021000E97D367FF07F9D8066829E83B389CC8A9C
:10022000AB8C8490519493959195A2956596D397B4
:1002300028991882384E2B54B85CCC5DA9734C7643
:100240003C77A95CEB7F0B8DC19611985498589818
:10025000014F0E4F71539C556856FA574759095B29
:10026000C45B905C0C5E7E5ECC5FEE633A67D765E4
:10027000E2651F67CB68C4685F6A305EC56B176C48
:100280007D6C7F754879635B007A007DBD5F8F89E7
:10029000188AB48C778DCC8E1D8FE2980E9A3C9B79
:1002A000804E7D50005193599C5B2F628062EC64BC
:1002B0003A6BA07291754779A97FFB87BC8A708BD6
:1002C000AC63CA83A09709540354AB555468586A69
:1002D000708A27787567CD9E7453A25B1A81508609
:1002E0000690184E454EC74E114FCA533854AE5B58
:1002F000135F256051653D67426C726CE36C7870EA
:100300000374767AAE7A087B1A7DFE7C667DE7659B
:100310005B72BB53455CE85DD262E0621963206E9C
:100320005A86318ADD8DF892016FA6795A9BA84EC4
:10033000AB4EAC4E9B4FA04FD1504751F67A715106
:10034000F651545321537F53EB53AC558358E15C22
:10035000375F4A5F2F6050606D601F6359654B6A5D
:10036000C16CC272ED72EF77F880058108824E850C
:10037000F790E193FF9757995A9AF04EDD512D5C13
:1003800081666D69405CF266756989735068817C2D
:10039000C550E4524757FE5D2693A465236B3D6B21
:1003A00034748179BD794B7BCA7DB982CC837F88D7
:1003B0005F89398BD18FD1911F5480925D4E365019
:1003C000E5533A53D7729673E977E682AF8EC699B2
:1003D000C899D29977511A615E86B0557A7A76506B
:1003E000D35B47908596324EDB6AE791515C485C5F
:1003F00098639F7A936C7497618FAA7A8A718896B2
:10040000827C1768707E51686C93F2521B54AB85E6
:10041000138AA47FCD8EE190665388884179C24FBC
:10042000BE501152445153552D57EA738B575159B1
:10043000625F845F756076616761A961B2633A64E7
:100440006C656F664268136E66753D7AFB7C4C7D09
:10045000997D4B7E6B7F0E834A83CD86088A638AA3
:10046000668BFD8E1A988F9DB882CE8FE89B87523F
:100470001F628364C06F999641689150206B7A6CBB
:10048000546F747A507D4088238A0867F64E39503D
:10049000265065507C5138526352A7550F57055866
:1004A000CC5AFA5EB261F861F36272631C69296A20
:1004B0007D72AC722E7314786F78797D0C77A98079
:1004C0008B89198BE28CD28E639075937A965598AE
:1004D000139A789E43519F53B3537B5E265F1B6EE6
:1004E000906E8473FE73437D3782008AFA8A509639
:1004F0004E4E0B50E4537C54FA56D159645BF15D77
:10050000AB5E275F38624565AF67566ED072CA7CB6
:10051000B488A180E180F0834E86878AE88D379287
:10052000C7966798139F944E924E0D4F4853495467
:100530003E542F5A8C5FA15F9F60A7688E6A5A74E1
:1005400081789E8AA48A778B90915E4EC99BA44E37
:100550007C4FAF4F1950165049516C519F52B952B0
:10056000FE529A53E35311540E5489555157A257D2
:100570007D59545B5D5B8F5BE55DE75DF75D785EA4
:10058000835E9A5EB75E185F52604C619762D86274
:10059000A7633B6502664366F4666D6721689768EA
:1005A000CB695F6C2A6D696D2F6E9D6E3275877693
:1005B0006C783F7AE07C057D187D5E7DB17D15808D
:1005C0000380AF80B18054818F812A8252834C880E
:1005D00061881B8BA28CFC8CCA90759171923F78BC
:1005E000FC92A4954D9605989999D89A3B9D5B529B
:1005F000AB52F7530854D558F762E06F6A8C5F8F9F
:10060000B99E4B513B524A54FD56407A7791609DBA
:10061000D29E4473096F70811175FD5FDA60A89AEC
:10062000DB72BC8F646B0398CA4EF0566457BE5899
:100630005A5A6860C7610F6606663968B168F76D17
:10064000D5753A7D6E82429B9B4E504FC9530655DD
:100650006F5DE65DEE5DFB67996C73740278508A9E
:100660009693DF885057A75E2B63B550AC508D51E1
:100670000067C9545E58BB59B05B695F4D62A163A6
:100680003D68736B086E7D70C7918072157826780F
:100690006D798E65307DDC83C188098F9B966452AD
:1006A000285750676A7FA18CB45142572A963A580E
:1006B0008A69B480B2540E5DFC579578FA9D5C4F00
:1006C0004A528B543E6428661467F567847A567BD9
:1006D000227D2F935C68AD9B397B19538A51375229
:1006E000DF5BF662AE64E6642D67BA6BA985D196CE
:1006F0009076D69B4C630693AB9BBF765266094EB1
:100700009850C253715CE860926463655F68E671FB
:10071000CA732375977B827E9586838BDB8C789159
:100720001099AC65AB668B6BD54ED44E3A4F7F4F6C
:100730003A52F853F253E355DB56EB58CB59C959AB
:10074000FF59505B4D5C025E2B5ED75F1D600763F7
:100750002F655C5BAF65BD65E8659D67626B7B6B14
:100760000F6C45734979C179F87C197D2B7DA28086
:100770000281F38196895E8A698A668A8C8AEE8A0A
:10078000C78CDC8CCC96FC986F6B8B4E3C4F8D4F9E
:100790005051575BFA5B486101634266216BCB6E37
:1007A000BB6C3E72BD74D475C1783A790C803380CD
:1007B000EA8194849E8F506C7F9E0F5F588B2B9D97
:1007C000FA7AF88E8D5BEB96034EF153F757315959
:1007D000C95AA45B89607F6E066FBE75EA8C9F5B09
:1007E0000085E07B7250F4679D82615C4A851E7EC5
:1007F0000E829951045C6863668D9C656E713E79CA
:10080000177D05801D8BCA8E6E90C786AA901F50DB
:10081000FA523A5C53677C7035724C91C8912B93B5
:10082000E582C25B315FF9603B4ED653885B4B6219
:1008300031678A6BE972E0732E7A6B81A38D5291D6
:1008400096991251D7536A54FF5B8863396AAC7D1D
:100850000097DA56CE536854975B315CDE5DEE4FFD
:100860000161FE62326DC079CB79427D4D7ED27FCF
:10087000ED811F82908446887289908B748E2F8FB1
:1008800031904B916C91C6969C91C04E4F4F455103
:100890004153935F0E62D467416C0B6E6373267E87
:1008A000CD918392D4531959BF5BD16D5D792E7E62
:1008B0009B7C7E589F71FA515388F08FCA4FFB5C26
:1008C0002566AC77E37A1C82FF99C651AA5FEC6576
:1008D0006F69896BF36D966E646FFE76147DE15DD2
:1008E000759087910698E6511D5240629166D966CF
:1008F0001A6EB65ED27D727FF866AF85F785F88A8C
:10090000A952D95373598F5E905F5560E4926496F3
:10091000B7501F51DD5220534753EC53E85446550E
:10092000315517566859BE593C5AB55B065C0F5C89
:10093000115C1A5C845E8A5EE05E705F7F62846236
:10094000DB628C63776307660C662D6676667E676E
:10095000A2681F6A356ABC6C886D096E586E3C715E
:1009600026716771C77501775D7801796579F079CE
:10097000E07A117BA77C397D9680D6838B8449856C
:100980005D88F3881F8A3C8A548A738A618CDE8C66
:10099000A49166927E9318949C9698970A4E084E5E
:1009A0001E4E574E97517052CE573458CC58225B3A
:1009B000385EC560FE6461675667446DB6727375D4
:1009C000637AB884728BB89120933156F457FE98AD
:1009D000ED620D69966BED71547E77807282E689C7
:1009E000DF985587B18F3B5C384FE14FB54F0755C6
:1009F000205ADD5BE95BC35F4E612F63B0654B66D8
:100A0000EE689B69786DF16D3375B9751F775E7906
:100A1000E679337DE381AF82AA85AA893A8AAB8ED3
:100A20009B8F3290DD910797BA4EC14E0352755895
:100A3000EC580B5C1A753D5C4E810A8AC58F639633
:100A40006D97257BCF8A08986291F356A85317902B
:100A500039548257255EA863346C8A7061778B7C29
:100A6000E07F708842905491109318938F965E7433
:100A7000C49A075D695D7065A267A88DDB966E6399
:100A800049671969C5831798C096FE88846F7A6490
:100A9000F85B164E2C705D752F66C4513652E252CB
:100AA000D359815F276010623F6574651F66746665
:100AB000F2681668636B056E72721F75DB76BE7C1A
:100AC0005680F058FD887F89A08A938ACB8A1D9032
:100AD00092915297599789650E7A0681BB962D5E41
:100AE000DC601A62A56514669067F3774D7A4D7CD9
:100AF0003E7E0A81AC8C648DE18D5F8EA9780752B1
:100B0000D962A563426498622D8A837AC07BAC8ADD
:100B1000EA96767D0C824987D94E485143536053FB
:100B2000A35B025C165CDD5D26624762B0641368FD
:100B30003468C96C456D176DD3675C6F4E717D71FC
:100B4000CB657F7AAD7BDA7D4A7EA87F7A811B8276
:100B50003982A6856E8ACE8CF58D78907790AD928D
:100B600091928395AE9B4D528455386F3671685182
:100B70008579557EB381CE7C4C565158A85CAA63CA
:100B8000FE66FD665A69D9728F758E750E79567933
:100B9000DF79977C207D447D0786348A3B9661907F
:100BA000209FE7507552CC53E2530950AA55EE5896
:100BB0004F593D728B5B645C1D53E360F3605C6373
:100BC00083633F63BB63CD64E965F966E35DCD692B
:100BD000FD69156FE571894EE975F876937ADF7CCA
:100BE000CF7D9C7D6180498358836C84BC84FB8568
:100BF000C588708D01906D9097931C97129ACF5075
:100C000097588E61D3813585088D2090C34F7450DD
:100C1000475273536F6049635F672C6EB38D1F90AB
:100C2000D74F5E5CCA8CCF659A7D525396887651B9
:100C3000C363585B6B5B0A5C0D6451675C90D64E76
:100C40001A592A59706C518A3E551558A559F060A9
:100C50005362C167358255694096C499289A534FAB
:100C60000658FE5B1080B15C2F5E855F20604B6193
:100C70003462FF66F06CDE6ECE807F81D4828B881A
:100C8000B88C00902E908A96DB9EDB9BE34EF0534F
:100C900027592C7B8D914C98F99DDD6E277053530D
:100CA0004455855B58629E62D362A26CEF6F2274DA
:100CB000178A3894C16FFE8A3883E751F886EA5361
:100CC000E953464F5490B08F6A593181FD5DEA7AFD
:100CD000BF8FDA68378CF872489C3D6AB08A394E0B
:100CE000585306566657C562A263E6654E6BE16DC2
:100CF0005B6EAD70ED77EF7AAA7BBB7D3D80C680E1
:100D0000CB86958A5B93E356C7583E5FAD65966682
:100D1000806AB56B3775C78A2450E57730571B5FFB
:100D200065607A66606CF4751A7A6E7FF481188754
:100D30004590B399C97B5C75F97A517BC484109056
:100D4000E979927A3683E15A40772D4EF24E995BDB
:100D5000E05FBD623C66F167E86C6B8677883B8A32
:100D60004E91F392D099176A26702A73E7825784BE
:100D7000AF8C014E4651CB518B55F55B165E335E01
:100D8000815E145F355F6B5FB45FF2611163A266D1
:100D90001D676E6F52723A753A7774803981788127
:100DA0007687BF8ADC8A858DF38D9A927795029833
:100DB000E59CC5525763F4761567886CCD73C38C78
:100DC000AE937396256D9C580E69CC69FD8F9A93EE
:100DD000DB751A905A580268B463FB69434F2C6F55
:100DE000D867BB8F2685B47D54933F69706F6A576F
:100DF000F7582C5B2C7D2A720A54E391B49DAD4EBA
:100E00004E4F5C50755043529E8C485424589A5B08
:100E10001D5E955EAD5EF75E1F5F8C60B5623A63E6
:100E2000D063AF68406C87788E790B7AE07D47821B
:100E3000028AE68A448E1390B8902D91D8910E9F25
:100E4000E56C5864E2647565F46E84761B7B69908A
:100E5000D193BA6EF254B95FA4644D8FED8F449272
:100E600078516B582959555C975EFB6D8F7E1C75C8
:100E7000BC8CE28E5B98B9701D4FBF6BB16F307543
:100E8000FB964E51105435585758AC59605C925FE0
:100E900097655C67216E7B76DF83ED8C1490FD9007
:100EA0004D9325783A78AA52A65E1F57745912605E
:100EB00012505A51AC51CD510052105554585858F7
:100EC0005759955BF65C8B5DBC6095622D647167CC
:100ED0004368BC68DF68D776D86D6F6E9B6D6F70A6
:100EE000C871535FD8757779497B547B527BD67C28
:100EF000717D305263846985E4850E8A048B468C4B
:100F00000F8E03900F90199476962D98309AD8955D
:100F1000CD50D5520C5402580E5CA7619E641E6DD4
:100F2000B377E57AF480048453908592E05C079D62
:100F30003F53975FB35F9C6D79726377BF79E47BB2
:100F4000D26BEC72AD8A0368616AF851817A3469B8
:100F50004A5CF69CEB82C55B49911E7078566F5CCB
:100F6000C76066658C6C5A8C419013985154C76663
:100F70000D924859A39085514D4EEA5199850E8B9B
:100F800058707A634B936269B499047E77755753AE
:100F90006069DF8EE3965D6C8C4E3C5C105FE98F80
:100FA0000253D18C89807986FF5EE565734E655169
:100FB00082593F5CEE97FB4E8A59CD5F8D8AE16F77
:100FC000B0796279E75B71842B73B171745EF55F00
:100FD0007B639A64C371987C434EFC5E4B4EDC5736
:100FE000A256A960C36F0D7DFD803381BF81B28F92
:100FF0009789A486F45D8A62AD6487897767E26C1D
:101000003E6D36743478465A757FAD82AC99F34F95
:10101000C35EDD62926357656F67C3764C72CC80A6
:10102000BA80298F4D910D50F957925A856873698E
:101030006471FD72B78CF258E08C6A9619907F87C4
:10104000E479E77729842F4F65525A53CD62CF67F1
:10105000CA6C7D76947B957C36828485EB8FDD66C9
:10106000206F06721B7EAB83C199A69EFD51B17B9A
:101070007278B87B8780487BE86A615E8C805175A6
:1010800060756B5162928C6E7A769791EA9A104FE6
:10109000707F9C624F7BA595E99C7A565958E486EF
:1010A000BC96344F24524A53CD53DB53065E2C6416
:1010B00091657F673E6C4E6C4872AF72ED735475EC
:1010C000417E2C82E985A98CC47BC69169711298F6
:1010D000EF983D6369666A75E476D0784385EE865D
:1010E0002A53515326548359875E7C5FB26049620C
:1010F0007962AB629065D46BCC6CB275AE76917848
:10110000D879CB7D777FA580AB88B98ABB8C7F905F
:101110005E97DB980B6A387C99503E5CAE5F8767C0
:10112000D86B357409778E7F3B9FCA67177A39531E
:101130008B75ED9A665F9D81F18398803C5FC55FFA
:101140006275467B3C906768EB599B5A107D7E76B2
:101150002C8BF54F6A5F196A376C026FE2746879FD
:101160006888558A798CDF5ECF63C575D279D7825E
:101170002893F2929C84ED862D9CC1546C5F8C6503
:101180005C6D1570A78CD38C3B984F65F6740D4E33
:10119000D84EE0572B59665ACC5BA851035E9C5E33
:1011A000166076627765A7656E666E6D3672267B11
:1011B00050819A8199825C8BA08CE68C748D1C96F0
:1011C0004496AE4FAB64666B1E8261846A85E8907C
:1011D000015C5369A8987A8457850F4F6F52A95FB5
:1011E000455E0D678F79798107898689F56D175F6F
:1011F0005562B86CCF4E6972929B06523B5474563E
:10120000B358A4616E621A716E59897CDE7C1B7DB5
:10121000F09687655E80194E754F75514058635E34
:10122000735E0A5FC467264E3D8589955B96737C25
:101230000198FB50C1585676A7782552A57711859D
:10124000867B4F5009594772C77BE87DBA8FD48F90
:101250004D90BF4FC952295A015FAD97DD4F17829C
:10126000EA9203575563696B2B75DC88148F427AB9
:10127000DF52935855610A62AE66CD6B3F7CE983BD
:101280002350F84F05534654315849599D5BF05C43
:10129000EF5C295D965EB16267633E65B9650B6779
:1012A000D56CE16CF97032782B7EDE80B3820C84D1
:1012B000EC84028712892A8A4A8CA690D292FD98E1
:1012C000F39C6C9D4F4EA14E8D5056524A57A859D3
:1012D0003D5ED85FD95F3F62B4661B67D067D26856
:1012E0009251217DAA80A881008B8C8CBF8C7E922C
:1012F000329620542C981753D5505C53A858B2649A
:10130000346767726677467AE691C352A16C866B42
:1013100000584C5E54592C67FB7FE151C6766964D6
:10132000E878549BBB9ECB57B95927669A67CE6B1A
:10133000E954D969555E9C819567AA9BFE67529CCA
:101340005D68A64EE34FC853B9622B67AB6CC48F80
:10135000AD4F6D7EBF9E074E6261806E2B6F138511
:1013600073542A67459BF35D957BAC5CC65B1C8719
:101370004A6ED184147A088199598D7C116C20773A
:10138000D952225921715F72DB772797619D0B69D2
:101390007F5A185AA5510D547D540E66DF76F78F8B
:1013A0009892F49CEA595D72C56E4D51C968BF7D33
:1013B000EC7D6297BA9E7864216A028384595F5BF0
:1013C000DB6B1B73F276B27D1780998432512867EC
:1013D000D99EEE766267FF520599245C3B627E7C63
:1013E000B08C4F55B6600B7D809501535F4EB65162
:1013F0001C593A723680CE91255FE2778453795F2B
:10140000047DAC85338A8D8E5697F367AE855394F1
:1014100009610861B96C5276ED8A388F2F55514FAA
:101420002A51C752CB53A55B7D5EA0608261D66313
:101430000967DA67676E8C6D36733773317550796B
:10144000D588988A4A909190F590C4968D871559C1
:10145000884E594F0E4E898A3F8F1098AD507C5E52
:101460009659B95BB85EDA63FA63C164DC664A69AF
:10147000D8690B6DB66E94712875AF7A8A7F00803B
:101480004984C9848189218B0A8E65907D960A9949
:101490007E619162326B836C746DCC7FFC7FC06D1A
:1014A000857FBA87F8886567B1833C98F7961B6D8E
:1014B000617D3D846A91714E7553505D046BEB6F95
:1014C000CD852D86A78929520F54655C4E67A86883
:1014D00006748374E275CF88E188CC91E2967896A1
:1014E0008B5F8773CB7A4E84A06365758952416D9B
:1014F0009C6E097459756B78927C8696DC7A8D9F08
:10150000B64F6E61C5655C86864EAE4EDA50214E92
:10151000CC51EE5B99658168BC6D1F734276AD77E7
:101520001C7AE77C6F82D28A7C90CF91759618984E
:101530009B52D17D2B5098539767CB6DD0713374EC
:10154000E8812A8FA396579C9F9E60744158996D9D
:101550002F7D5E98E44E364F8B4FB751B152BA5D36
:101560001C60B2733C79D3823492B796F6960A9790
:10157000979E629FA666746B1752A352C870C2886A
:10158000C95E4B609061236F49713E7CF47D6F8032
:10159000EE8423902C9342546F9BD36A8970C28C43
:1015A000EF8D3297B452415ACA5E045F17677C6967
:1015B00094696A6D0F6F6272FC72ED7B01807E80B0
:1015C0004B87CE906D51939E84798B803293D68ACF
:1015D0002D508C54718A6A6BC48C0781D160A067CE
:1015E000F29D994E984E109C6B8AC1856885006962
:1015F0007E6E977855810000002502250C25102568
:10160000182514251C252C25242534253C250125A9
:1016100003250F2513251B251725232533252B25CA
:101620003B254B2520252F25282537253F251D2502
:1016300030252525382542251004110412041304F1
:1016400014041504010416041704180419041A04D8
:101650001B041C041D041E041F0420042104220476
:1016600023042404250426042704280429042A0426
:101670002B042C042D042E042F0400000000000075
:10168000000000000000000000000000000000005A
:101690000000000000000000300431043204330474
:1016A00034043504510436043704380439043A0448
:1016B0003B043C043D043E043F0440044104420416
:1016C00043044404450446044704480449044A04C6
:1016D0004B044C044D044E044F040000910392034C
:1016E00093039403950396039703980399039A032E
:1016F0009B039C039D039E039F03A003A103A303DD
:10170000A403A503A603A703A803A90300000000E0
:10171000000000000000000000000000B103B20360
:10172000B303B403B503B603B703B803B903BA03ED
:10173000BB03BC03BD03BE03BF03C003C103C3039C
:10174000C403C503C603C703C803C90300000000E0
:101750000000000000000000000000010101010184
:101760000101010101000000000000000101010170
:101770000101010101010101010101010101010159
:101780000101010101010000000000000001010150
:101790000101010101010101010101010101010139
:1017A0000101010101010100C625A125A025B325E4
:1017B000B225BD25BC253B201230922190219121DC
:1017C0009321133000000000000000000000000022
:1017D0000000000000000000000008220B2286220A
:1017E0008722822283222A22292200000000000070
:1017F0000000000000000000000027222822AC00AA
:10180000D221D4210022032229220000000000005E
:101810000000000000000000000000000000202286
:10182000A522122302220722612252226A226B225F
:101830001A223D221D2235222B222C2200000000DC
:10184000000000000000000000002B2130206F2667
:101850006D266A2620202120B6002C2200000000E0
:101860000000EF250030013002300CFF0EFFFB308E
:101870001AFF1BFF1FFF01FF9B309C30B40040FF8D
:10188000A8003EFF3E203FFFFD30FE309D309E30E1
:101890000330DD4E053006300730FC3014201020B8
:1018A0000FFF3CFF1C3016205CFF2620252018204F
:1018B00019201C201D2008FF09FF143015303BFFA4
:1018C0003DFF5BFF5DFF083009300A300B300C3004
:1018D0000D300E300F30103011300BFF1222B100DE
:1018E000D700F7001DFF60221CFF1EFF6622672243
:1018F0001E22342242264026B0003220332003210B
:10190000A50004FFA200A30005FF03FF06FF0AFFD6
:1019100020FFA70006260526CB25CF25CE25C725E7
:1019200000000000000000000000000000000000B7
:1019300000000000000000000000000000000000A7
:101940000000000000000000000000000000000097
:1019500010111213141516171819000000000000BA
:10196000001A1B1C1D1E1F000000000000000000CC
:101970000000000000000000000000000000000067
:10198000001A1B1C1D1E1F000000000000000000AC
:101990000000000000000000000000000000000047
:1019A0000000000000000000000000000000000037
:1019B0000000000000000000000000000000000027
:1019C0000000000000000000000000000000000017
:1019D0000000000000000000000000000000000007
:1019E00000000000000000000000000000000000F7
:1019F00000000000000000000000000000000000E7
:101A000000000000000000000000000000000000D6
:101A100000000000000000000000000000000000C6
:101A200005000000190000007D000000000000001B
:101A30000080E03779C34143176E05B5B5B89346CA
:101A4000F5F93FE9034F384D321D30F94877825A96
:101A50003CBF737FDD4F1575000000000000F03FB4
:101A60000000000000002440000000000000594079
:101A70000000000000408F40000000000088C340CC
:101A800000000000006AF8400000000080842E4141
:101A900000000000D01263410000000084D797418D
:101AA0000000000065CDCD41000000205FA0024293
:101AB000000000E876483742000000A2941A6D4208
:101AC000000040E59C30A2420000901EC4BCD642FB
:101AD00000003426F56B0C430080E03779C34143A6
:101AE00000A0D8855734764300C84E676DC1AB431C
:101AF000003D9160E458E143408CB5781DAF15443A
:101B000050EFE2D6E41A4B4492D54D06CFF0804414
:101B1000F64AE1C7022DB544B49DD9794378EA4429
:101B2000000000001F001C20000000001421000025
:101B300002001624000000001425000002001528F1
:101B400000000000112900000000142A000000001D
:101B5000182B00000000142C00000000102D0000C5
:101B60000000142E000001000C3000000900143A9F
:101B700000000100183C00000200143F00000100BA
:101B8000034100001900155B00000000145C000018
:101B90000000115D00000000175E000000000F5FF4
:101BA0000000000017600000000003610000190041
:101BB000157B00000000187C00000000117D000073
:101BC0000000187E00000000007F000020001CA024
:101BD0000000000014A10000000016A20000030095
:101BE00019A60000000014A70000000017A80000BC
:101BF000000019A90000000006AA0000000013ABB5
:101C00000000000018AC0000000001AD0000000062
:101C100019AE0000000017AF0000000019B000006E
:101C2000000018B1000000000EB20000010017B45F
:101C30000000000003B50000000014B60000010021
:101C400017B8000000000EB90000000006BA00003E
:101C5000000012BB000000000EBC0000020014BF18
:101C60000000000003C00000160018D700000000AC
:101C700003D80000060004DF0000000003E00000BD
:101C8000160018F70000000003F800003F000438B9
:101C900001000000033901000F00044901000000A9
:101CA000034A01004200048D01000000038E010080
:101CB0000C00049B01000000039C01000D0004AA1D
:101CC0000100010003AC01000D0004BA0100000096
:101CD00006BB0100000003BC0100010004BE0100BE
:101CE000000003BF0100000006C00100030003C4A0
:101CF0000100000007C50100000003C6010001004B
:101D000007C80100000003C90100010007CB010062
:101D1000000003CC0100230004F00100000003F1E7
:101D20000100000007F20100000003F301002D0094
:101D3000042102000000032202001100043402000A
:101D40000500033A02001A00045502000000035681
:101D500002000100045802000000035902000000C4
:101D6000045A02000000035B02000100045D02004F
:101D7000020003600200010004620200000003632D
:101D8000020000000464020000000365020001007C
:101D9000046702000000036802000400046D0200F2
:101DA0000100036F020000000470020000000371D4
:101DB000020001000473020001000375020000002C
:101DC000047602000600037D02000000047E02008B
:101DD0000100038002000000048102000000038271
:101DE00002000100048402000200038702000500D3
:101DF000048D02000400039202000000049302001C
:101E00000000069402000000049502000700039DF4
:101E100002000100049F0200100005B00200110042
:101E200017C20200030005C602000B0017D2020011
:101E30000D0005E00200040017E50200060005ECB5
:101E40000200000017ED0200000005EE0200000095
:101E500017EF020010000B0003006F000370030077
:101E600003000574030000001775030000000376EB
:101E700003000100057A03000000037B0300020059
:101E8000147E03000000037F03000000178403009A
:101E9000010003860300000014870300000003888C
:101EA00003000200038C03000000038E0300010006
:101EB00004900300000003910300100003A303003B
:101EC0000C0004B00300000003B10300200008D29E
:101ED0000300020003D50300200018F603000000F1
:101EE00003F70300040004FC0300000003FD0300EB
:101EF00084001982040000000B83040004000A8897
:101F000004000100038A0400A50003310500250038
:101F1000055905000000145A05000500046005007D
:101F200000000361050025000487050001001489F5
:101F300005000000108A05000000198D0500010051
:101F4000168F050000000B9105002C0010BE050047
:101F500000000BBF0500000014C0050000000BC10D
:101F60000500010014C3050000000BC405000100BA
:101F700014C6050000000BC70500000006D00500D0
:101F80001A0006EF0500030014F30500010001002C
:101F900006000500180606000200140906000100EC
:101FA000160B06000000140C06000100190E0600B6
:101FB00001000B1006000A00141B06000000011CA3
:101FC00006000000141D06000200062006001F0087
:101FD0000540060000000641060009000B4B060004
:101FE00014000C6006000900146A06000300066E67
:101FF000060001000B70060000000671060062007A
:1020000014D40600000006D5060000000BD606001A
:10201000060001DD0600000019DE060000000BDFEF
:102020000600050005E5060001000BE706000100BB
:1020300019E9060000000BEA0600030006EE0600A0
:1020400001000CF00600090006FA0600020019FD66
:102050000600010006FF06000000140007000D0046
:10206000010F070000000610070000000B11070019
:102070000000061207001D000B3007001A00064D75
:10208000070058000BA607000A0006B10700000071
:102090000CC00700090006CA070020000BEB070070
:1020A000080005F40700010019F60700000014F706
:1020B0000700020005FA070000000BFD0700000002
:1020C00016FE070001000600080015000B160800A8
:1020D0000300051A080000000B1B08000800052477
:1020E000080000000B250800020005280800000079
:1020F0000B2908000400143008000E0006400800F8
:1021000018000B5908000200145E08000000066069
:1021100008000A0006700800170017880800000071
:102120000689080005000190080001000B980800CE
:10213000070006A00800280005C9080000000BCA17
:102140000800170001E2080000000BE308001F0070
:102150000903090000000604090035000B3A0900D4
:102160000000093B090000000B3C09000000063D8F
:1021700009000000093E090002000B4109000700A8
:102180000949090003000B4D09000000094E090030
:1021900001000650090000000B5109000600065816
:1021A000090009000B620900010014640900010024
:1021B0000C6609000900147009000000057109008F
:1021C0000000067209000E000B8109000000098260
:1021D00009000100068509000700068F09000100BB
:1021E00006930900150006AA0900060006B20900B8
:1021F000000006B6090003000BBC0900000006BD84
:102200000900000009BE090002000BC1090003001B
:1022100009C70900010009CB090001000BCD090025
:10222000000006CE0900000009D70900000006DC06
:102230000900010006DF090002000BE209000100AD
:102240000CE60900090006F00900010016F2090079
:1022500001000EF40900050019FA0900000016FB40
:102260000900000006FC0900000014FD0900000040
:102270000BFE090000000B010A00010009030A001F
:10228000000006050A000500060F0A0001000613FB
:102290000A001500062A0A00060006320A0001009C
:1022A00006350A00010006380A0001000B3C0A004E
:1022B0000000093E0A0002000B410A0001000B4722
:1022C0000A0001000B4B0A0002000B510A0000003B
:1022D00006590A000300065E0A0000000C660A00A8
:1022E00009000B700A00010006720A0002000B755B
:1022F0000A00000014760A0000000B810A000100A9
:1023000009830A00000006850A000800068F0A00FB
:10231000020006930A00150006AA0A00060006B28B
:102320000A00010006B50A0004000BBC0A00000008
:1023300006BD0A00000009BE0A0002000BC10A0027
:1023400004000BC70A00010009C90A00000009CBFC
:102350000A0001000BCD0A00000006D00A000000B0
:1023600006E00A0001000BE20A0001000CE60A0088
:10237000090014F00A00000016F10A00000006F936
:102380000A0000000BFA0A0005000B010B00000018
:1023900009020B00010006050B000700060F0B00E9
:1023A000010006130B001500062A0B00060006327A
:1023B0000B00010006350B0004000B3C0B00000075
:1023C000063D0B000000093E0B0000000B3F0B0018
:1023D000000009400B0000000B410B0003000947FF
:1023E0000B000100094B0B0001000B4D0B0000001E
:1023F0000B550B00010009570B000000065C0B0099
:102400000100065F0B0002000B620B0001000C666E
:102410000B00090019700B00000006710B00000092
:102420000E720B0005000B820B00000006830B00F0
:10243000000006850B000500068E0B0002000692C8
:102440000B00030006990B000100069C0B00000026
:10245000069E0B00010006A30B00010006A80B005E
:10246000020006AE0B000B0009BE0B0001000BC002
:102470000B00000009C10B00010009C60B0002009F
:1024800009CA0B0002000BCD0B00000006D00B00A8
:10249000000009D70B0000000CE60B0009000EF04D
:1024A0000B00020019F30B00050016F90B000000E9
:1024B00019FA0B0000000B000C00000009010C00D1
:1024C00002000B040C00000006050C000700060EBD
:1024D0000C00020006120C001600062A0C000F0069
:1024E0000B3C0C000000063D0C0000000B3E0C00F5
:1024F000020009410C0003000B460C0002000B4ACD
:102500000C0003000B550C00010006580C000200E3
:10251000065D0C00000006600C0001000B620C0060
:1025200001000C660C00090014770C0000000E7806
:102530000C000600197F0C00000006800C00000053
:102540000B810C00000009820C00010014840C00B7
:10255000000006850C000700068E0C0002000692A3
:102560000C00160006AA0C00090006B50C000400B9
:102570000BBC0C00000006BD0C00000009BE0C00E6
:1025800000000BBF0C00000009C00C0004000BC6CB
:102590000C00000009C70C00010009CA0C00010072
:1025A0000BCC0C00010009D50C00010006DD0C006D
:1025B000010006E00C0001000BE20C0001000CE63B
:1025C0000C00090006F10C00010009F30C000000EA
:1025D0000B000D00010009020D00010006040D00B2
:1025E0000800060E0D00020006120D0028000B3B2D
:1025F0000D000100063D0D000000093E0D00020027
:102600000B410D00030009460D000200094A0D00B0
:1026100002000B4D0D000000064E0D000000194F8A
:102620000D00000006540D00020009570D000000C7
:102630000E580D000600065F0D0002000B620D0033
:1026400001000C660D0009000E700D0008001979DC
:102650000D000000067A0D0005000B810D00000042
:1026600009820D00010006850D001100069A0D007B
:10267000170006B30D00080006BD0D00000006C0DF
:102680000D0006000BCA0D00000009CF0D0002006E
:102690000BD20D0002000BD60D00000009D80D0072
:1026A00007000CE60D00090009F20D00010014F40A
:1026B0000D00000006010E002F000B310E0000007F
:1026C00006320E0001000B340E000600163F0E000D
:1026D000000006400E00050005460E0000000B47F6
:1026E0000E000700144F0E0000000C500E000900F1
:1026F000145A0E00010006810E00010006840E002F
:10270000000006860E000400068C0E00170006A5C9
:102710000E00000006A70E0009000BB10E0000001D
:1027200006B20E0001000BB40E00080006BD0E003C
:10273000000006C00E00040005C60E0000000BC815
:102740000E0006000CD00E00090006DC0E0003008F
:1027500006000F00000019010F00020014040F0012
:102760000E0019130F00000014140F0000001915BB
:102770000F0002000B180F000100191A0F000500CE
:102780000C200F0009000E2A0F00090019340F0059
:1027900000000B350F00000019360F0000000B374A
:1027A0000F00000019380F0000000B390F00000067
:1027B000153A0F000000113B0F000000153C0F0000
:1027C0000000113D0F000000093E0F00010006400F
:1027D0000F00070006490F0023000B710F000D00CA
:1027E000097F0F0000000B800F00040014850F000C
:1027F00000000B860F00010006880F0004000B8DFF
:102800000F000A000B990F00230019BE0F000700EC
:102810000BC60F00000019C70F00050019CE0F00EE
:10282000010014D00F00040019D50F00030014D9C3
:102830000F000100060010002A00092B1000010003
:102840000B2D100003000931100000000B321000A6
:1028500005000938100000000B3910000100093B89
:10286000100001000B3D10000100063F10000000A9
:102870000C4010000900144A10000500065010001A
:1028800005000956100001000B5810000100065AFF
:10289000100003000B5E1000020006611000000033
:1028A00009621000020006651000010009671000AF
:1028B0000600066E100002000B7110000300067582
:1028C00010000C000B8210000000098310000100B2
:1028D0000B85100001000987100005000B8D10000A
:1028E0000000068E10000000098F100000000C9000
:1028F00010000900099A100002000B9D1000000052
:10290000199E1000010003A01000250003C710004D
:10291000000003CD1000000003D010002A0014FBBB
:102920001000000005FC1000000003FD1000020074
:10293000060011004801064A12000300065012006A
:102940000600065812000000065A12000300066036
:1029500012002800068A12000300069012002000D0
:1029600006B21200030006B81200060006C01200EC
:10297000000006C21200030006C812000E0006D8AE
:10298000120038000612130003000618130042005C
:102990000B5D130002001460130008000E691300A1
:1029A0001300068013000F0019901300090003A004
:1029B0001300550003F81300050010001400000078
:1029C000060114006B02196D16000000146E16004B
:1029D0000000066F160010001C8016000000068123
:1029E00016001900159B16000000119C160000002F
:1029F00006A016004A0014EB160002000DEE1600A9
:102A0000020006F1160007000600170011000B1265
:102A100017000200091517000000061F170012001A
:102A20000B3217000100093417000000143517009D
:102A300001000640170011000B521700010006604C
:102A400017000C00066E170002000B721700010041
:102A50000680170033000BB41700010009B61700F9
:102A600000000BB71700060009BE170007000BC6D1
:102A70001700000009C7170001000BC917000A0062
:102A800014D41700020005D71700000014D817004F
:102A9000020016DB1700000006DC170000000BDD4B
:102AA000170000000CE0170009000EF017000900E5
:102AB0001400180005001006180000001407180084
:102AC00003000B0B18000200010E180000000B0F92
:102AD000180000000C101800090006201800220041
:102AE0000543180000000644180034000680180052
:102AF00004000B85180001000687180021000BA9AF
:102B00001800000006AA1800000006B018004500D2
:102B1000060019001E000B201900020009231900ED
:102B200003000B27190001000929190002000930D0
:102B3000190001000B3219000000093319000500CB
:102B40000B39190002001940190000001444190043
:102B500001000C4619000900065019001D000670FE
:102B600019000400068019002B0006B01900190096
:102B70000CD0190009000EDA1900000019DE190046
:102B8000210006001A0016000B171A00010009198F
:102B90001A0001000B1B1A000000141E1A0001008D
:102BA00006201A00340009551A0000000B561A00BE
:102BB000000009571A0000000B581A0006000B60AD
:102BC0001A00000009611A0000000B621A000000E0
:102BD00009631A0001000B651A000700096D1A004D
:102BE00005000B731A0009000B7F1A0000000C800F
:102BF0001A0009000C901A00090014A01A0006001F
:102C000005A71A00000014A81A0005000BB01A004E
:102C10000D000ABE1A0000000BBF1A000F000B00C7
:102C20001B00030009041B00000006051B002E000A
:102C30000B341B00000009351B0000000B361B0085
:102C40000400093B1B0000000B3C1B000000093D79
:102C50001B0004000B421B00000009431B00010085
:102C600006451B0007000C501B000900145A1B00EE
:102C7000060019611B0009000B6B1B00080019748A
:102C80001B000800147D1B0001000B801B000100CD
:102C900009821B00000006831B001D0009A11B0008
:102CA00000000BA21B00030009A61B0001000BA8DB
:102CB0001B00010009AA1B0000000BAB1B00020057
:102CC00006AE1B0001000CB01B00090006BA1B0079
:102CD0002B000BE61B00000009E71B0000000BE8BF
:102CE0001B00010009EA1B0002000BED1B000000A5
:102CF00009EE1B0000000BEF1B00020009F21B0095
:102D0000010014FC1B00030006001C002300092422
:102D10001C0007000B2C1C00070009341C000100DC
:102D20000B361C000100143B1C0004000C401C006E
:102D30000900064D1C0002000C501C000900065A38
:102D40001C001D0005781C000500147E1C000100FD
:102D500003801C00080003901C002A0003BD1C0017
:102D6000020014C01C0007000BD01C00020014D38A
:102D70001C0000000BD41C000C0009E11C0000002A
:102D80000BE21C00060006E91C0003000BED1C0012
:102D9000000006EE1C0005000BF41C00000006F508
:102DA0001C00010009F71C0000000BF81C000100CA
:102DB00006FA1C00000004001D002B00052C1D005D
:102DC0003E00046B1D000C0005781D000000037917
:102DD0001D000000047A1D000200037D1D0000009C
:102DE000047E1D000F00038E1D000000048F1D00D7
:102DF0000B00059B1D0024000BC01D003F000300BD
:102E00001E00950004961E000400039B1E00000097
:102E1000049C1E000100039E1E000000049F1E0073
:102E2000000003A01E00750003181F00050003200A
:102E30001F00250003481F00050004501F0000006C
:102E400003511F00000004521F00000003531F0025
:102E5000000004541F00000003551F00000004562A
:102E60001F00000003571F00000003591F0000004F
:102E7000035B1F000000035D1F000000035F1F00D5
:102E80001E0003801F00070007881F000700039033
:102E90001F00070007981F00070003A01F0007007E
:102EA00007A81F00070003B01F00010004B21F00A5
:102EB000000003B31F00000004B41F00000004B6AC
:102EC0001F00010003B81F00030007BC1F00000023
:102ED00017BD1F00000003BE1F00000017BF1F002A
:102EE000020004C21F00000003C31F00000004C44E
:102EF0001F00000004C61F00010003C81F000300DC
:102F000007CC1F00000017CD1F00020003D01F00D8
:102F1000010004D21F00010004D61F00010003D8E5
:102F20001F00030017DD1F00020003E01F00010067
:102F300004E21F00020003E51F00000004E61F007A
:102F4000010003E81F00040017ED1F00020004F257
:102F50001F00000003F31F00000004F41F00000026
:102F600004F61F00010003F81F00030007FC1F0008
:102F7000000017FD1F0001001C0020000A00010BCB
:102F8000200004001010200005001416200001008D
:102F9000131820000000121920000000151A20004C
:102FA0000000131B20000100121D20000000151E50
:102FB00020000000131F2000000014202000070044
:102FC0001A28200000001B2920000000012A2000F0
:102FD00004001C2F200000001430200008001339CA
:102FE00020000000123A20000000143B20000300E3
:102FF0000F3F20000100144120000200184420006F
:103000000000154520000000114620000000144774
:1030100020000A0018522000000014532000000075
:103020000F54200000001455200009001C5F2000F0
:1030300000000160200004000166200009000E70FD
:10304000200000000571200000000E742000050023
:10305000187A20000200157D20000000117E20005B
:103060000000057F200000000E8020000900188A63
:1030700020000200158D20000000118E20000000AD
:10308000059020000C0016A0200020000BD020008E
:103090000C000ADD200003000BE1200000000AE222
:1030A000200002000BE520000B00190021000100A8
:1030B0000802210000001903210003000807210075
:1030C0000000190821000100040A21000000080B7B
:1030D00021000200040E210001000810210002005E
:1030E000041321000000191421000000081521001C
:1030F000000019162100010018182100000008190D
:1031000021000400191E21000500082421000000F0
:1031100019252100000003262100000019272100A5
:103120000000082821000000192921000000032ABE
:1031300021000100082C21000100192E21000000AF
:10314000042F21000000083021000100033221007B
:10315000000008332100000004342100000006357F
:1031600021000300043921000000193A2100010068
:10317000043C21000100083E21000100184021000C
:103180000400084521000000044621000300194AFC
:1031900021000000184B21000000194C2100010003
:1031A000034E21000000194F210000000E502100A5
:1031B0000F000D60210022000383210001000D8516
:1031C000210003000E8921000000198A210001005E
:1031D000189021000400199521000400189A21007C
:1031E0000100199C2100030018A02100000019A172
:1031F0002100010018A32100000019A421000100F2
:1032000018A62100000019A72100060018AE210011
:10321000000019AF21001E0018CE2100010019D0B6
:103220002100010018D22100000019D32100000064
:1032300018D42100000019D521001E0018F4210027
:103240000B011900230007001508230000001109D5
:1032500023000000150A23000000110B23000000CA
:10326000190C230013001820230001001922230049
:103270000600152923000000112A23000000192B45
:1032800023005000187C23000000197D23001D003E
:10329000189B2300180019B42300270018DC230012
:1032A000050019E223004400194024000A000E60C2
:1032B00024003B00199C24004D000EEA2400150058
:1032C00019002500B60018B72500000019B8250020
:1032D000080018C12500000019C22500350018F8A3
:1032E00025000700190026006E00186F2600000058
:1032F00019702600F70015682700000011692700E3
:103300000000156A27000000116B27000000156CF3
:1033100027000000116D27000000156E2700000037
:10332000116F2700000015702700000011712700A1
:1033300000001572270000001173270000001574AB
:10334000270000001175270000000E7627001D00E1
:10335000199427002B0018C02700040015C527006A
:10336000000011C62700000018C727001E0015E640
:103370002700000011E72700000015E827000000E3
:1033800011E92700000015EA2700000011EB2700D3
:10339000000015EC2700000011ED2700000015EEDD
:1033A0002700000011EF2700000018F027000F0091
:1033B00019002800FF001800290082001583290049
:1033C00000001184290000001585290000001186E5
:1033D000290000001587290000001188290000003D
:1033E000158929000000118A29000000158B290089
:1033F0000000118C29000000158D29000000118E9D
:1034000029000000158F29000000119029000000FC
:103410001591290000001192290000001593290040
:103420000000119429000000159529000000119654
:1034300029000000159729000000119829000000BC
:10344000189929003E0015D82900000011D929003B
:10345000000015DA2900000011DB2900000018DC4B
:1034600029001F0015FC2900000011FD29000000A3
:1034700018FE2900010119002B002F0018302B0025
:10348000140019452B00010018472B000500194DA9
:103490002B00260019762B001F0019972B006800BF
:1034A00003002C00700004712C00000003722C003B
:1034B000010004742C00000003752C000100047747
:1034C0002C000400057C2C000100037E2C0065000C
:1034D00004E42C00000019E52C00050003EB2C008F
:1034E00003000BEF2C00020003F22C00010014F982
:1034F0002C0003000EFD2C00000014FE2C00010027
:1035000003002D00250003272D000000032D2D00B2
:10351000000006302D003700056F2D0000001470EC
:103520002D0000000B7F2D00000006802D001600EE
:1035300006A02D00060006A82D00060006B02D00EE
:10354000060006B82D00060006C02D00060006C8BD
:103550002D00060006D02D00060006D82D0006001E
:103560000BE02D001F0014002E00010013022E009E
:10357000000012032E00000013042E0000001205AC
:103580002E00000014062E00020013092E00000079
:10359000120A2E000000140B2E000000130C2E0047
:1035A0000000120D2E000000140E2E00080010174F
:1035B0002E00000014182E000100101A2E0000002A
:1035C000141B2E000000131C2E000000121D2E00E4
:1035D0000000141E2E00010013202E0000001221F6
:1035E0002E00000015222E00000011232E000000E6
:1035F00015242E00000011252E00000015262E0097
:10360000000011272E00000015282E0000001129AF
:103610002E000000142A2E000400052F2E000000AA
:1036200014302E000900103A2E000100143C2E0028
:10363000030010402E00000014412E00000015422F
:103640002E00000014432E000C0019502E00010023
:1036500014522E00020015552E00000011562E00A7
:10366000000015572E00000011582E0000001559BB
:103670002E000000115A2E000000155B2E000000E5
:10368000115C2E000000105D2E00000019802E003D
:103690001900199B2E00580019002F00D50019F0B1
:1036A0002F000B001C00300000001401300002004D
:1036B0001904300000000505300000000606300047
:1036C00000000D073000000015083000000011094F
:1036D00030000000150A30000000110B300000001F
:1036E000150C30000000110D30000000150E3000E8
:1036F0000000110F30000000151030000000111103
:1037000030000000191230000100151430000000D4
:1037100011153000000015163000000011173000A0
:103720000000151830000000111930000000151AB3
:1037300030000000111B30000000101C30000000A1
:10374000151D30000000111E30000100192030004E
:1037500000000D21300008000B2A30000300092E64
:10376000300001001030300000000531300004004E
:103770001936300001000D3830000200053B3000E2
:103780000000063C30000000143D30000000193EEF
:10379000300001000641300055000B993000010057
:1037A000179B30000100059D30000100069F30008E
:1037B000000010A03000000006A13000590014FBEA
:1037C0003000000005FC3000020006FF3000000061
:1037D000060531002A00063131005D0019903100E4
:1037E00001000E923100030019963100090006A075
:1037F00031001F0019C03100230006F031000F0016
:10380000190032001E000E2032000900192A320071
:103810001D000E48320007001950320000000E5102
:1038200032000E00196032001F000E8032000900C5
:10383000198A320026000EB132000E0019C0320083
:103840003F0106003400BF1919C04D003F000600BB
:103850004E0014520515A00000000616A0007604C4
:103860001990A400360006D0A400270005F8A40093
:10387000050014FEA40001000600A5000B01050CC4
:10388000A6000000140DA60002000610A6000F00FE
:103890000C20A6000900062AA60001000340A6008D
:1038A0002D00066EA60000000B6FA60000000A7037
:1038B000A60002001473A60000000B74A600090005
:1038C000147EA6000000057FA60000000380A6006D
:1038D0001B00059CA60001000B9EA600010006A08F
:1038E000A60045000DE6A60009000BF0A6000100A9
:1038F00014F2A60005001700A70016000517A70080
:1039000008001720A70001000322A7000D000430C3
:10391000A70001000332A7003D000570A7000000CA
:103920000471A70007000379A7000E000588A7000F
:1039300000001789A7000100038BA7000200048E76
:10394000A7000000068FA70000000390A700040056
:103950000495A70000000396A700180004AFA70075
:10396000000003B0A7001A0003D0A700010004D391
:10397000A700000004D5A700000003D6A70003009D
:1039800005F2A700020003F5A700010006F7A70053
:10399000000005F8A700010004FAA700000006FBDC
:1039A000A70006000B02A80000000603A800020002
:1039B0000B06A80000000607A80003000B0BA800D8
:1039C0000000060CA80016000923A80001000B2522
:1039D000A80001000927A80000001928A80003007A
:1039E0000B2CA80000000E30A80005001936A80016
:1039F00001001638A80000001939A8000000064090
:103A0000A80033001474A80003000980A800010076
:103A10000682A800310009B4A8000F000BC4A8005A
:103A2000010014CEA80001000CD0A80009000BE092
:103A3000A800110006F2A800050014F8A800020072
:103A400006FBA800000014FCA800000006FDA8006A
:103A500001000BFFA80000000C00A9000900060AE5
:103A6000A9001B000B26A9000700142EA9000100C5
:103A70000630A90016000B47A9000A000952A90048
:103A80000100145FA90000000660A9001C000B8063
:103A9000A90002000983A90000000684A9002E00E5
:103AA0000BB3A900000009B4A90001000BB6A900DE
:103AB000030009BAA90001000BBCA900010009BE5E
:103AC000A900020014C1A9000C0005CFA900000044
:103AD0000CD0A900090014DEA900010006E0A9002D
:103AE00004000BE5A900000005E6A900000006E7B8
:103AF000A90008000CF0A900090006FAA9000400BA
:103B00000600AA0028000B29AA000500092FAA0018
:103B100001000B31AA0001000933AA0001000B3596
:103B2000AA0001000640AA0002000B43AA00000000
:103B30000644AA0007000B4CAA000000094DAA0089
:103B400000000C50AA000900145CAA0003000660E3
:103B5000AA000F000570AA0000000671AA00050067
:103B60001977AA000200067AAA000000097BAA00C1
:103B700000000B7CAA000000097DAA000000067E60
:103B8000AA0031000BB0AA00000006B1AA00000094
:103B90000BB2AA00020006B5AA0001000BB7AA00EA
:103BA000010006B9AA0004000BBEAA00010006C06D
:103BB000AA0000000BC1AA00000006C2AA00000073
:103BC00006DBAA00010005DDAA00000014DEAA0041
:103BD000010006E0AA000A0009EBAA0000000BECB5
:103BE000AA00010009EEAA00010014F0AA000100D9
:103BF00006F2AA00000005F3AA00010009F5AA00D8
:103C000000000BF6AA0000000601AB000500060943
:103C1000AB0005000611AB0005000620AB00060056
:103C20000628AB0006000430AB0022000353AB00B3
:103C300000000454AB000600175BAB000000055CFD
:103C4000AB0003000460AB0008000569AB00000096
:103C5000176AAB0001000370AB004F0006C0AB0059
:103C6000220009E3AB0001000BE5AB00000009E610
:103C7000AB0001000BE8AB00000009E9AB0001005C
:103C800014EBAB00000009ECAB0000000BEDAB0047
:103C900000000CF0AB0009000600AC00A32B06B03E
:103CA000D700160006CBD70030000200D800FF076F
:103CB0000600F9006D010670FA0069000400FB00BF
:103CC00006000413FB000400061DFB0000000B1E91
:103CD000FB000000061FFB0009001829FB00000084
:103CE000062AFB000C000638FB000400063EFB0021
:103CF00000000640FB0001000643FB0001000646F1
:103D0000FB006B0017B2FB00100006D3FB006A013A
:103D1000113EFD000000153FFD0000001940FD00B0
:103D20000F000650FD003F000692FD00350019CF40
:103D3000FD00000006F0FD000B0016FCFD00000079
:103D400019FDFD0002000B00FE000F001410FE0024
:103D500006001517FE0000001118FE0000001419DF
:103D6000FE0000000B20FE000F001430FE000000DB
:103D70001031FE0001000F33FE0001001535FE007A
:103D800000001136FE0000001537FE00000011385B
:103D9000FE0000001539FE000000113AFE00000090
:103DA000153BFE000000113CFE000000153DFE002A
:103DB0000000113EFE000000153FFE000000114013
:103DC000FE0000001541FE0000001142FE00000050
:103DD0001543FE0000001144FE0000001445FE00E3
:103DE00001001547FE0000001148FE0000001449C4
:103DF000FE0003000F4DFE0002001450FE00020002
:103E00001454FE0003001058FE0000001559FE0077
:103E10000000115AFE000000155BFE000000115C5E
:103E2000FE000000155DFE000000115EFE000000B7
:103E3000145FFE0002001862FE0000001063FE0026
:103E400000001864FE0002001468FE0000001669FD
:103E5000FE000000146AFE0001000670FE0004006F
:103E60000676FE00860001FFFE0000001401FF0040
:103E700002001604FF0000001405FF0002001508F0
:103E8000FF0000001109FF000000140AFF000000FD
:103E9000180BFF000000140CFF000000100DFF00C5
:103EA0000000140EFF0001000C10FF000900141A9E
:103EB000FF000100181CFF000200141FFF0001009A
:103EC0000321FF001900153BFF000000143CFF0018
:103ED0000000113DFF000000173EFF0000000F3FF3
:103EE000FF0000001740FF0000000341FF00190021
:103EF000155BFF000000185CFF000000115DFF0073
:103F00000000185EFF000000155FFF000000116058
:103F1000FF0000001461FF0000001562FF000000B8
:103F20001163FF0000001464FF0001000666FF003B
:103F300009000570FF0000000671FF002C00059EBF
:103F4000FF00010006A0FF001E0006C2FF000500E2
:103F500006CAFF00050006D2FF00050006DAFF00D2
:103F6000020016E0FF00010018E2FF00000017E366
:103F7000FF00000019E4FF00000016E5FF0001004B
:103F800019E8FF00000018E9FF00030019EDFF0029
:103F9000010001F9FF00020019FCFF00010006000A
:103FA00000010B00060D0001190006280001120097
:103FB000063C00010100063F00010E000650000112
:103FC0000D00068000017A001400010102000E07B6
:103FD00001012C001937010108000D4001013400D6
:103FE0000E75010103001979010110000E8A01010B
:103FF0000100198C01010200199001010C0019A0A7
:104000000101000019D001012C000BFD010100008D
:10401000068002011C0006A0020130000BE0020134
:1040200000000EE102011A00060003011F000E202D
:1040300003010300062D030113000D4103010000DD
:104040000642030107000D4A030100000650030168
:1040500025000B7603010400068003011D00149F58
:104060000301000006A00301230006C803010700A6
:1040700014D0030100000DD103010400030004016A
:104080004F00065004014D000CA00401090003B0CC
:104090000401230003D804012300060005012700C2
:1040A000063005013300146F05010000037005019F
:1040B0000A00037C05010E00038C05010600039431
:1040C00005010100039705010A0003A305010E0085
:1040D00003B30501060003BB05010100060006014C
:1040E000360106400701150006600701070005803C
:1040F0000701050005870701290005B2070108002F
:10410000060008010500060808010000060A08016B
:104110002B00063708010100063C08010000063F9D
:10412000080116001457080100000E580801070086
:104130000660080116001977080101000E790801D0
:104140000600068008011E000EA70801080006E010
:104150000801120006F4080101000EFB080104002A
:104160000600090115000E1609010500141F0901BA
:104170000000062009011900143F09010000068013
:10418000090137000EBC0901010006BE090101004A
:104190000EC009010F000ED209012D0006000A0110
:1041A00000000B010A0102000B050A0101000B0CC3
:1041B0000A01030006100A01030006150A010200A5
:1041C00006190A011C000B380A0102000B3F0A0104
:1041D00000000E400A01080014500A0108000660A1
:1041E0000A011C000E7D0A010100147F0A01000073
:1041F00006800A011C000E9D0A01020006C00A0189
:10420000070019C80A01000006C90A011B000BE5D6
:104210000A0101000EEB0A01040014F00A01060075
:1042200006000B01350014390B01060006400B0196
:1042300015000E580B01070006600B0112000E78E6
:104240000B01070006800B01110014990B010300FC
:104250000EA90B01060006000C01480003800C01AA
:10426000320003C00C0132000EFA0C0105000600FA
:104270000D0123000B240D0103000C300D0109007A
:104280000E600E011E0006800E0129000BAB0E0110
:10429000010010AD0E01000006B00E0101000BFD83
:1042A0000E01020006000F011C000E1D0F01090087
:1042B00006270F01000006300F0115000B460F0105
:1042C0000A000E510F01030014550F01040006707F
:1042D0000F0111000B820F01030014860F01030070
:1042E00006B00F0114000EC50F01060006E00F0115
:1042F00016000900100100000B0110010000090266
:10430000100100000603100134000B3810010E00EC
:104310001447100106000E52100113000C66100124
:1043200009000B70100100000671100101000B73F1
:10433000100101000675100100000B7F1001020042
:10434000098210010000068310012C0009B0100141
:1043500002000BB31001030009B7100101000BB9F3
:104360001001010014BB1001010001BD100100008B
:1043700014BE100103000BC21001000001CD10019A
:10438000000006D0100118000CF0100109000B000D
:10439000110102000603110123000B271101040083
:1043A000092C110100000B2D110107000C36110121
:1043B00009001440110103000644110100000945E1
:1043C00011010100064711010000065011012200F1
:1043D0000B73110100001474110101000676110124
:1043E00000000B8011010100098211010000068309
:1043F00011012F0009B3110102000BB611010800D1
:1044000009BF1101010006C11101030014C511010A
:1044100003000BC91101030014CD1101000009CEE6
:10442000110100000BCF110100000CD01101090097
:1044300006DA1101000014DB1101000006DC110195
:10444000000014DD110102000EE11101130006004D
:1044500012011100061312011800092C12010200AA
:104460000B2F120102000932120101000B3412015C
:1044700000000935120100000B361201010014384A
:10448000120105000B3E12010000063F120101005F
:104490000B4112010000068012010600068812017D
:1044A0000000068A12010300068F12010E00069F0B
:1044B0001201090014A91201000006B012012E0019
:1044C0000BDF1201000009E0120102000BE31201F0
:1044D00007000CF0120109000B0013010100090292
:1044E00013010100060513010700060F1301010067
:1044F000061313011500062A1301060006321301E4
:1045000001000635130104000B3B13010100063DB9
:1045100013010000093E130101000B4013010000CC
:10452000094113010300094713010100094B13015D
:104530000200065013010000095713010000065D38
:10454000130104000962130101000B661301060048
:104550000B70130104000600140134000935140126
:1045600002000B38140107000940140101000B423E
:10457000140102000945140100000B46140100005B
:10458000064714010300144B140104000C501401DD
:104590000900145A14010100145D140100000B5E9F
:1045A00014010000065F14010200068014012F00B0
:1045B00009B0140102000BB31401050009B914017C
:1045C00000000BBA1401000009BB140103000BBF6B
:1045D0001401010009C1140100000BC21401010003
:1045E00006C41401010014C61401000006C714011A
:1045F00000000CD014010900068015012E0009AF3F
:10460000150102000BB21501030009B815010300E2
:104610000BBC1501010009BE150100000BBF1501FF
:10462000010014C11501160006D8150103000BDCAA
:1046300015010100060016012F00093016010200C5
:104640000B3316010700093B160101000B3D160153
:104650000000093E160100000B3F16010100144145
:10466000160102000644160100000C501601090054
:10467000146016010C00068016012A000BAB16010F
:10468000000009AC160100000BAD1601000009AED8
:10469000160101000BB01601050009B61601000055
:1046A0000BB71601000006B81601000014B9160178
:1046B00000000CC016010900060017011A000B1DAE
:1046C000170102000920170101000B221701030046
:1046D0000926170100000B27170104000C301701F1
:1046E00009000E3A17010100143C17010200193F9E
:1046F00017010000064017010600060018012B00F4
:10470000092C180102000B2F1801080009381801A4
:1047100000000B3918010100143B1801000003A030
:1047200018013F000CE0180109000EEA180108000A
:1047300006FF18010700060919010000060C1901FF
:1047400007000615190101000618190117000930A4
:10475000190105000937190101000B3B190101007E
:10476000093D190100000B3E19010000063F190127
:10477000000009401901000006411901000009422A
:10478000190100000B431901000014441901020033
:104790000C501901090006A01901070006AA190109
:1047A000260009D1190102000BD4190103000BDA0C
:1047B0001901010009DC190103000BE019010000D7
:1047C00006E11901000014E21901000006E31901D5
:1047D000000009E41901000006001A0100000B01A5
:1047E0001A010900060B1A0127000B331A010500F4
:1047F00009391A010000063A1A0100000B3B1A01A0
:104800000300143F1A0107000B471A01000006506D
:104810001A0100000B511A01050009571A01010085
:104820000B591A010200065C1A012D000B8A1A01AD
:104830000C0009971A0100000B981A010100149A44
:104840001A010200069D1A010000149E1A010400BC
:1048500006B01A01480014001B01090006001C01E3
:104860000800060A1C012400092F1C0100000B305F
:104870001C0106000B381C010500093E1C0100004C
:104880000B3F1C01000006401C01000014411C01EC
:1048900004000C501C0109000E5A1C011200147077
:1048A0001C01010006721C011D000B921C01150069
:1048B00009A91C0100000BAA1C01060009B11C017A
:1048C00000000BB21C01010009B41C0100000BB573
:1048D0001C01010006001D01060006081D01010063
:1048E000060B1D0125000B311D0105000B3A1D01B2
:1048F00000000B3C1D0101000B3F1D010600064698
:104900001D0100000B471D0100000C501D01090096
:1049100006601D01050006671D010100066A1D01F4
:104920001F00098A1D0104000B901D01010009935D
:104930001D0101000B951D01000009961D010000DD
:104940000B971D01000006981D0100000CA01D0121
:10495000090006E01E0112000BF31E01010009F51B
:104960001E01010014F71E0101000B001F010100D0
:1049700006021F01000009031F01000006041F01B9
:104980000C0006121F01210009341F0101000B3623
:104990001F010400093E1F0101000B401F01000020
:1049A00009411F0100000B421F01000014431F01B9
:1049B0000C000C501F01090006B01F0100000EC0C2
:1049C0001F01140019D51F01070016DD1F01030088
:1049D00019E11F01100014FF1F0100000600200153
:1049E00099030D0024016E00147024010400068058
:1049F0002401C30006902F01600014F12F01010073
:104A0000060030012F04013034010F000B40340147
:104A100000000641340105000B4734010E0006007A
:104A20004401460206006801380206406A011E0081
:104A30000C606A010900146E6A01010006706A01C7
:104A40004E000CC06A01090006D06A011D000BF07F
:104A50006A01040014F56A01000006006B012F00D2
:104A60000B306B01060014376B010400193C6B011D
:104A7000030005406B01030014446B01000019455D
:104A80006B0100000C506B0109000E5B6B0106000E
:104A900006636B011400067D6B01120003406E017A
:104AA0003F000E806E01160014976E010300060091
:104AB0006F014A000B4F6F01000006506F010000AC
:104AC00009516F0136000B8F6F01030005936F01D1
:104AD0000C0005E06F01010014E26F01000005E326
:104AE0006F0100000BE46F01000009F06F0101008D
:104AF00006007001F71706008801D50406008D0135
:104B0000080005F0AF01030005F5AF01060005FD43
:104B1000AF0101000600B00122010632B101000020
:104B20000650B10102000655B10100000664B10152
:104B300003000670B1018B010600BC016A0006701B
:104B4000BC010C000680BC0108000690BC010900F5
:104B5000199CBC0100000B9DBC010100149FBC010D
:104B6000000001A0BC0103000B00CF012D000B30A1
:104B7000CF0116001950CF0173001900D001F500C4
:104B80001900D10126001929D1013B000965D10185
:104B900001000B67D1010200196AD1010200096D01
:104BA000D10105000173D10107000B7BD101070082
:104BB0001983D10101000B85D1010600198CD101A7
:104BC0001D000BAAD101030019AED1013C00190050
:104BD000D20141000B42D20102001945D20100006E
:104BE0000EC0D20113000EE0D20113001900D30150
:104BF00056000E60D30118000800D4011900041AF1
:104C0000D40119000834D4011900044ED40106005F
:104C10000456D40111000868D40119000482D4019B
:104C20001900089CD4010000089ED401010008A2CC
:104C3000D401000008A5D401010008A9D401030093
:104C400008AED401070004B6D401030004BBD401AC
:104C5000000004BDD401060004C5D4010A0008D038
:104C6000D401190004EAD40119000804D501010097
:104C70000807D5010300080DD50107000816D50166
:104C80000600041ED50119000838D5010100083BB3
:104C9000D50103000840D50104000846D5010000F5
:104CA000084AD50106000452D5011900086CD50147
:104CB00019000486D501190008A0D501190004BA0D
:104CC000D501190008D4D501190004EED501190049
:104CD0000808D60119000422D6011900083CD601A3
:104CE00019000456D60119000870D6011900048A6B
:104CF000D6011B0008A8D601180018C1D601000073
:104D000004C2D601180018DBD601000004DCD6016D
:104D1000050008E2D601180018FBD601000004FCCB
:104D2000D60118001815D70100000416D701050098
:104D3000081CD70118001835D70100000436D70128
:104D40001800184FD70100000450D701050008567D
:104D5000D7011800186FD70100000470D7011800A0
:104D60001889D7010000048AD70105000890D701EF
:104D7000180018A9D701000004AAD701180018C309
:104D8000D701000004C4D701050008CAD7010000FC
:104D900004CBD70100000CCED70131001900D80197
:104DA000FF010B00DA0136001937DA0103000B3B73
:104DB000DA013100196DDA0107000B75DA01000024
:104DC0001976DA010D000B84DA0100001985DA0189
:104DD00001001487DA0104000B9BDA0104000BA127
:104DE000DA010E000400DF010900060ADF010000FD
:104DF000040BDF0113000425DF0105000B00E001B7
:104E000006000B08E00110000B1BE00106000B235D
:104E1000E00101000B26E00104000530E0013D0047
:104E20000B8FE00100000600E1012C000B30E101D6
:104E300006000537E10106000C40E1010900064EBD
:104E4000E1010000194FE10100000690E2011D00A0
:104E50000BAEE201000006C0E2012B000BECE20108
:104E600003000CF0E201090016FFE201000006D089
:104E7000E4011A0005EBE40100000BECE40103007F
:104E80000CF0E401090006E0E701060006E8E7018E
:104E9000030006EDE701010006F0E7010E00060041
:104EA000E801C4000EC7E80108000BD0E8010600C5
:104EB0000300E90143000B44E9010600054BE90149
:104EC00000000C50E9010900145EE90101000E71B7
:104ED000EC013A0019ACEC0100000EADEC0102004F
:104EE00016B0EC0100000EB1EC0103000E01ED0163
:104EF0002C00192EED0100000E2FED010E00060012
:104F0000EE0103000605EE011A000621EE01010084
:104F10000624EE0100000627EE0100000629EE013E
:104F200009000634EE0103000639EE010000063BDD
:104F3000EE0100000642EE0100000647EE0100000F
:104F40000649EE010000064BEE010000064DEE01A1
:104F500002000651EE0101000654EE010000065762
:104F6000EE0100000659EE010000065BEE010000B4
:104F7000065DEE010000065FEE0100000661EE0135
:104F800001000664EE0100000667EE010300066CF6
:104F9000EE0106000674EE0103000679EE0103003F
:104FA000067EEE0100000680EE010900068BEE0190
:104FB000100006A1EE01020006A5EE01040006ABFA
:104FC000EE01100018F0EE0101001900F0012B00B5
:104FD0001930F001630019A0F0010E0019B1F001C1
:104FE0000E0019C1F0010E0019D1F00124000E00CD
:104FF000F1010C00190DF101A00019E6F1011C00EE
:105000001910F2012B001940F20108001950F201A9
:1050100001001960F20105001900F301FA0017FB05
:10502000F30104001900F401D70219DCF6011000A5
:1050300019F0F6010C001900F7017600197BF70151
:105040005E0019E0F7010B0019F0F70100001900EC
:10505000F8010B001910F80137001950F801090088
:105060001960F80127001990F8011D0019B0F80126
:1050700001001900F90153011960FA010D001970BE
:10508000FA010C001980FA0108001990FA012D00AC
:1050900019BFFA01060019CEFA010D0019E0FA0154
:1050A000080019F0FA0108001900FB019200199498
:1050B000FB0136000CF0FB01090006000002DFA630
:1050C0000600A70239100640B702DD000620B8022C
:1050D000811606B0CE02301D0600F8021D02060041
:1050E00000034A13065013035F100101000E000075
:0C50F0000120000E5F000B00010EEF001D
:1050FC0098D90010A4D90010B0D90010BCD9001058
:10510C00C8D90010D4D90010E0D90010DCDB001095
:10511C0003000068EFF3108C72B60268002AFCD012
:10512C00BFF35F8F04229A56002A0BDB002900D0B4
:10513C000A6000201B68BFF35F8F00221A608CF39B
:10514C0010887047D0221206126801201A71F1E7FC
:10515C00F0B51F00D023C6461B061B6804001600C2
:10516C009846002500B50AE0BFF35F8F156081F308
:10517C0010883000390000F0DFFF002818D12268B9
:10518C00EFF3108172B61368002BFCD0BFF35F8F66
:10519C00237922687F2BE7D943462371BFF35F8FB6
:1051AC000023136081F31088012080BCB846F0BD49
:1051BC000020FAE770B582B001A9060014001D00AA
:1051CC00FFF7A6FF002807D1D0221206019B127808
:1051DC005BB252B2934201D102B070BD22002B00DF
:1051EC003000FFF7B5FFF7E7F8B50E00070000F049
:1051FC009BFFFA2204000D000023920030000021D6
:10520C0000F0AAFF22002B0012184B41002B02DAEF
:10521C000122034B52423800FFF79AFFF8BDC046FB
:10522C00FFFFFF7F0268EFF3108172B61368002B4B
:10523C00FCD0BFF35F8FFF2303710368BFF35F8F55
:10524C0000221A6081F3108840BF7047084B9C46BF
:10525C001B78002B0BD18023064807495B051A6885
:10526C00C25004338B42FAD101236246137070474B
:10527C0058280020842200100001001010B5014BAA
:10528C00984710BD85220020084B5A6842609A68E6
:10529C008260DA68C2601A6902615A6942619B696C
:1052AC008361A0235B051B6803607047000002400C
:1052BC004268084B5A6082689A60C268DA60026978
:1052CC001A6142695A6182699A61A02302685B057E
:1052DC001A60704700000240F0B5D6464F4646466D
:1052EC000023C0B5182788B01E0081460D00988A8F
:1052FC0046493B88140098473B8880464449B08A0D
:10530C009847002343490600988A3B889847824671
:10531C00FFF79CFF01A8FFF7B7FFC047B0473E4B14
:10532C0021001A6880239B005340C0229200134036
:10533C003A4A1360002C1CD00823C0209C46400520
:10534C00163F6246836A1A401F4239D0631A0029FD
:10535C002BD1002A0BD1002C0BD0C0230822022603
:10536C005B059B6A1A401E4242D0002AF5D0002CE5
:10537C0030D1294B1A68C0239B009343274A1360F2
:10538C00D047FFF77BFF01A8FFF792FF08B0E0BC06
:10539C00BA46B146A846F0BD002C2BD1C02252050E
:1053AC00966A08223240B6072BD50D2B19D9002A44
:1053BC00F2D1C0225205966A08223240B607F4D4C4
:1053CC00002A04D10B002343002BBAD1D1E70B00E8
:1053DC00002CF9D0036E013C2B70230001350B43DC
:1053EC00F2E74B461B780139036601239944E7E742
:1053FC000021E5E7C0235B051B6E013C2B700135DA
:10540C009FE70B00A242DFD1DCE7C0464946000013
:10541C0045580000464300000C8001400C900140B0
:10542C000022154B10B59A60DA601A615A619A61C4
:10543C00DA611A625A629A62DA621A635A639A637E
:10544C00DA631A645A649A64DA641A655A659A655E
:10545C00DA651A665A669A66DA661A675A679A673E
:10546C00DA67F03292000021044800F08DFE044B04
:10547C00044A1A6010BDC0460000105038240020A9
:10548C000028002080011050F0B54746CE4680B56C
:10549C001C4B00249F6D012685B0002F1BD01A4B8E
:1054AC0098461A4B994604E00134E4B27600202C5D
:1054BC0011D03E42F8D043469E65012365086D002D
:1054CC00A343ED186D014D44280000F013FC002897
:1054DC0006D1B743E8D105B0C0BCB946B046F0BD63
:1054EC00EB8AE0210393002301A8AA78C90001806C
:1054FC0001210271437100F01DFC280000F098FBA3
:10550C00E7E7C0460000115000301150F82300208E
:10551C009823C64AF0B5D55880232E009B02102440
:10552C0085B01E401D4274D0C14BC24C9A6AC24B0E
:10553C0000261A603B23E35C022B00D14BE17B235A
:10554C00E35C022B00D1EFE0BB23E35C022B00D128
:10555C00F6E0FB23E35C022B00D1FDE03C23FF33A0
:10556C00E35C022B00D129E17C23FF33E35C022BAB
:10557C0000D10AE1BC23FF33E35C022B00D13BE1F9
:10558C00FC23FF33E35C022B00D1F1E0AB4BE35C7B
:10559C00022B00D170E1AA4BE35C022B00D101E19C
:1055AC00A84BE35C022B00D171E1A74BE35C022B0F
:1055BC0000D12EE1A54BE35C022B00D19CE1A44B66
:1055CC00E35C022B00D16DE1A24BE35C022B00D11A
:1055DC009DE1A14BE35C022B00D17BE1002E08D1B5
:1055EC009E4B1B78002B04D180219D4A903389025D
:1055FC00D150C02269468D4B92009B6C80265B0576
:10560C008A805B0D012101A8029300F093FB954C5D
:10561C00B602EB0600D57BE080235B021D422FD047
:10562C000224844F1E43BB7E002B14D000F0A4FD3B
:10563C00012800D970E0C02200213800920100F04E
:10564C00FDFA380000F0F4FA00F096FD012802D9BA
:10565C00834B5C661C660123FB702037012C20D128
:10566C00C0236A46DB0093807F4A02AB03CA03C3A4
:10567C00012101A800F05EFB8022794B92021A6591
:10568C0080235B011D420ED18023DB011D4221D101
:10569C0080231B021D422DD1AE4200D0BEE105B0CD
:1056AC00F0BD0124BFE700241E43604B1C60FFF7D4
:1056BC00B7FE80236A465B0093801472012101A817
:1056CC0000F038FB8022664B12031A658023DB0145
:1056DC001D42DDD01E4380236A46DB0093800121EE
:1056EC0001A800F027FB10225D4B1A6580231B02DA
:1056FC001D42D1D01E43A0236A46DB0093800121BA
:10570C0001A800F017FB8022554B12011A65C3E764
:10571C00FFF7BAFE26007FE7544B444A1C66536ED3
:10572C002340A342FBD186E77833E75C002F00D1FE
:10573C000AE70233E25C002A00D00DE13E0003E7E9
:10574C00B833E75C002F00D103E70233E25C002A98
:10575C0000D0F9E03E00FCE6F833E75C002F00D106
:10576C00FCE60233E25C002A00D041E13E00F5E6A3
:10577C00F933FF33E75C002F00D107E70233E25C1B
:10578C00002A00D02BE13E0000E77933FF33E75CC1
:10579C00002F00D1EEE60233E25C002A00D015E1C6
:1057AC003E00E7E6324BE75C002F00D1F8E602330F
:1057BC00E25C002A00D001E13E00F1E63933FF3310
:1057CC00E75C002F00D1CFE60233E25C002A00D068
:1057DC00EBE03E00C8E63833E65C002E00D1AEE6C6
:1057EC000233E25C002A00D1A9E62000002220301E
:1057FC00E25400F04BFAA2E6B933FF33E75C002F1A
:10580C0000D1BDE60233E25C002A00D0C4E03E00C9
:10581C00B6E6184BE75C002F00D1CBE60233E25C16
:10582C00002A00D0B0E03E00C4E6C0460000115093
:10583C0000400540F8230020E82300203B02000034
:10584C007B020000BB020000FB0200003B030000D7
:10585C007B030000BB030000FB0300005628002064
:10586C0000301150100002000000105000201150A8
:10587C007A020000FA0200006B4BE75C002F00D1AB
:10588C0089E60233E25C002A76D13E0083E6674B60
:10589C00E75C002F00D188E60233E25C002A63D17A
:1058AC003E0082E6624BE75C002F00D18CE60233AF
:1058BC00E25C002A00D0A3E05E4BE35C022B30D10B
:1058CC005D4BE35C002B27D15C4BE35C022B00D0DF
:1058DC008FE63E005A4BE35C002B00D17EE6FF23A3
:1058EC009B00E25C002A00D183E60022E2541C3BC0
:1058FC00E01800F0CBF97CE6524BE75C002F00D1AE
:10590C005DE60233E25C002A16D13E0057E64A4BB4
:10591C00E35C002B00D15CE6EF239B00E25C002AE9
:10592C0075D1464BE35C022B00D062E6444BE35C42
:10593C00002B00D15DE6D2E70022E2541C3BE018BC
:10594C0000F0A4F93E003AE620000022A030E25418
:10595C003E0000F09BF9FCE5200000226030E25490
:10596C003E0000F093F9EFE50022E2541C3BE018F6
:10597C0000F08CF93E0018E60022E2541C3BE018C3
:10598C0000F084F93E0006E60022E2541C3BE018CD
:10599C0000F07CF93E000DE620000022A130FF3023
:1059AC00E2543E0000F072F9EAE5200000222130BA
:1059BC00FF30E2543E0000F069F9D5E50022E254D4
:1059CC001C3BE01800F062F93E00E9E520000022E3
:1059DC006130FF30E2543E0000F058F9CAE5200077
:1059EC000022E130FF30E2543E0000F04FF9CDE5EB
:1059FC0020000022E030E2543E0000F047F9ADE513
:105A0C000022E2541C3BE01800F040F954E700225D
:105A1C00E2541C3BE01800F039F982E731000A48E7
:105A2C00694000F0B9FBC0463A020000BA0200001F
:105A3C007A030000BB030000BA030000FB03000064
:105A4C00FA0300003A03000044D70010F0B58C466E
:105A5C00838A018B020083B00E1C994200D91E1C54
:105A6C00B6B29B1B9CB2D37880211800451EA8416E
:105A7C00C90031434003084301214B40D370537894
:105A8C009482002B32D11169002E2AD06346D4683F
:105A9C009B01E418731E0193062B32D923000B4390
:105AAC009B072ED1631A013B022B2AD90023B7087E
:105ABC00BF00CD58E5500433BB42FAD19E420ED004
:105ACC00019DE418EF1ACD18C95C21700199994217
:105ADC0005D06B786370012F01D0AB78A37011697E
:105AEC00948A802389191B0211611843002C02D15E
:105AFC008023DB0118436346002B00D0000403B065
:105B0C00F0BD0023CD5CE55401339E42FAD1E6E7AB
:105B1C008368F0B51A68002900D0120C43789205FE
:105B2C00950D002B09D1C38AEB18C382038BAB42B2
:105B3C0001D9002383822800F0BD0469002D28D0F0
:105B4C00C36889016F1EBC465E18062F27D9013128
:105B5C005B18E31A022B22D9230033439B071ED177
:105B6C000023120E9200F158E15004339A42FAD1FC
:105B7C0095420DD063469F1AA318B45CB1181C70E3
:105B8C00944505D04A785A70012F01D08A789A70C2
:105B9C000469C38A6419EB18C3820461C6E7002246
:105BAC00B35CA35401329542FAD10469F1E7C046C3
:105BBC0010B50400836800211B68FFF7A9FF636818
:105BCC001B685B0002D5238B834200D010BD0121E2
:105BDC002000FFF79DFFF9E7084B1A6C0023920792
:105BEC0003D48278D209012A01D018007047C37EF1
:105BFC00023B5A425341DBB2F7E7C046000011505A
:105C0C0010B5FFF7E9FF00280AD0064B064A9B6A3D
:105C1C00064912685B189B1A0020C6229A42404122
:105C2C0010BDC04600400540E8230020E0FCFFFF0B
:105C3C0000238376436103617047C04610B58368C7
:105C4C00002901D01C682140002A12D08024E400D5
:105C5C00114322420DD01A6822420CD1084A0A4044
:105C6C001A60084A126C920703D40C23033BFDD232
:105C7C008368196010BD8178034800F08DFAC04626
:105C8C00FFFBFFFF0000115058D70010436870B5A0
:105C9C000021802504001E68FFF7D8FE124B6D0111
:105CAC001A6C0543A37892070ED55B060ED00F4BEA
:105CBC001E4080239B053343626800211360200043
:105CCC002A00FFF7BBFF70BDDB09F0D0A38A002BC5
:105CDC00EDD001212000FFF7B9FEA023044ADB051B
:105CEC00324005431343E7E700001150FFFFFFAFBD
:105CFC00FFFFFFDF70B5857E0400002D14D0FFF789
:105D0C0057FFA38A002B01D1280070BD2000FFF79C
:105D1C0077FF002803D0012300252377F4E7200028
:105D2C00FFF7B4FF0025EFE78178014800F034FA63
:105D3C0078D70010F0B54746CE4680B543780500BD
:105D4C000F0085B0062B07D8684A9B00D3589F4696
:105D5C00674A137801331370664B1C686269EFF362
:105D6C00108172B61368002BFCD0BFF35F8FA1615A
:105D7C002000290000F0F8F96269A369BFF35F8F76
:105D8C000021116083F31088002804D105B0C0BC39
:105D9C00B946B046F0BD3A006978287800F0D4F9DD
:105DAC00F4E70121544B1A788A431A701A7801319E
:105DBC008A431A7000225A701A7802318A431A7078
:105DCC00CAE74E4B00241E001A784D4B98464D4B9B
:105DDC00994610E04B461B6861015B18002B06D0FE
:105DEC00DB69002B03D06968287898473278013436
:105DFC00E4B2944217D8A242ECD8A31A5B014344F4
:105E0C00EEE73D4B1A78D207C0D504211A780A4325
:105E1C001A70A1E7384B1A78D207B7D504211A7833
:105E2C008A431A7098E7344A1378904611005B073E
:105E3C0028D51378042201AC93430B702000002169
:105E4C00083200F0A1F92B78237005236370294BDD
:105E5C001B6818005A69EFF3108172B61368002B97
:105E6C00FCD0BFF35F8F06008161210000F07CF94C
:105E7C007269B369BFF35F8F0021116083F31088DF
:105E8C0000282CD14346DB78DB0700D47EE72B7847
:105E9C0001AC2370032363706B686360154B1D6842
:105EAC006A69EFF3108172B61368002BFCD0BFF354
:105EBC005F8FA9612800210000F056F96A69AB696F
:105ECC00BFF35F8F0021116083F31088002800D18D
:105EDC005CE73A006178207800F036F956E73A0032
:105EEC006178207800F030F9CCE7C046E0DD001096
:105EFC0057280020C02100206821002055280020B0
:105F0C00FCDD001080200020F0B58C46CE464746C4
:105F1C0014001E0019001A0004230225994680B5AE
:105F2C00002E31D000292DD0C3681D4218D00B0093
:105F3C000833934211D8002A2BD1022398464746A6
:105F4C00C3681F4230D100291ED0C36800221D42F5
:105F5C00FBD00B0008339342EDD9634601398360C3
:105F6C00002AF0D04F46C3681F4215D10029DBD15F
:105F7C000421C3681942FCD08368013A2370002ABB
:105F8C0002D00134002AF3D13000C0BCB946B0466F
:105F9C00F0BDC3685B07C7D58368013A2370130053
:105FAC000B43F1D00134BDE70B000833D5D1C6E764
:105FBC007047C046F0B5C6460D00160000B58842C5
:105FCC0012D9891881420FD98418032A56D8731E06
:105FDC00002E06D0DA438918A418CA5CE254013B9F
:105FEC00FBD280BCB846F0BD032E0BD80400711E4A
:105FFC00002EF6D000230131EA5CE25401339942C1
:10600C00FAD1EEE703242A002100024303001140D9
:10601C00144230D10F2E4BD91027BC462A0034091C
:10602C00013C2401A0460419A44414681C60546863
:10603C005C6094689C60D4681032DC6010336345FB
:10604C00F3D10F221C000C23103532403340454451
:10605C001600002BCBD06B5863500431531A032B12
:10606C00F9D8032616409208013A920004350434FC
:10607C00AD18A418BBE70400711EBBE723000B434B
:10608C009B0701D0531EA5E72B1F9C461300051F31
:10609C006246D258EA50043B032BF9D80322B308CA
:1060AC00013B9B00C91AE41A16400439043C8EE7E4
:1060BC0032000400CFE7C0468C4610B5C9B2830746
:1060CC000CD0032406E003788B4206D00130013A51
:1060DC00204203D0002AF6D1002010BD032A14D987
:1060EC006346FF241C4023021B199C461C04A44439
:1060FC006446036863400A4C1C199C43094B1C42C0
:10610C0005D1043A0430032AF2D8002AE4D08218CC
:10611C0003788B42E1D001309042F9D1DCE7C046E4
:10612C00FFFEFEFE8080808001B40248844601BCE4
:10613C00604700BF1117001001B40248844601BC2F
:10614C00604700BFC115001001B40248844601BC71
:10615C00604700BF0156001001B40248844601BCE0
:10616C00604700BF212C001001B40248844601BCDA
:10617C00604700BFAD6B001001B40248844601BCFF
:10618C00604700BF4108001001B40248844601BCBE
:10619C00604700BF492D001001B40248844601BC81
:1061AC00604700BF4D080010100000000000000008
:1061BC0000000100000000000000000000000200D0
:1061CC0000000000000000000000030000000000C0
:1061DC0000000000000004000000000000000000AF
:1061EC000000050000000000000000000000FF009F
:1061FC000000000001B5486801318E46004770462A
:10620C0009380149884701BD690C001000000000E5
:10621C00FFFFFFFFFFFFFF7F0000000000000000FA
:10622C00000000000000000000000000801B0020A7
:10623C00503300004C330000543300005233000044
:10624C004D5300004D430000533400004334000014
:10625C00A54C0010594C0010CD4B0010454B0010B4
:10626C000000000000010000C421002010000C0000
:10627C000000000000000000000000000000000012
:10628C0000000000FF000000FFFFFFFF0000020005
:10629C00000000000000000040120020401200200E
:1062AC0048120020481200205012002050120020EA
:1062BC00581200205812002060120020601200209A
:1062CC00681200206812002070120020701200204A
:1062DC0078120020781200208012002080120020FA
:1062EC0088120020881200209012002090120020AA
:1062FC009812002098120020A0120020A01200205A
:10630C00A8120020A8120020B0120020B012002009
:10631C00B8120020B8120020C0120020C0120020B9
:10632C00C8120020C8120020D0120020D012002069
:10633C00D8120020D8120020E0120020E012002019
:10634C00E8120020E8120020F0120020F0120020C9
:10635C00F8120020F8120020001300200013002077
:10636C000813002008130020101300201013002025
:10637C0018130020181300202013002020130020D5
:10638C002813002028130020301300203013002085
:10639C003813002038130020401300204013002035
:1063AC0048130020481300205013002050130020E5
:1063BC005813002058130020601300206013002095
:1063CC006813002068130020701300207013002045
:1063DC0078130020781300208013002080130020F5
:1063EC0088130020881300209013002090130020A5
:1063FC009813002098130020A0130020A013002055
:10640C00A8130020A8130020B0130020B013002004
:10641C00B8130020B8130020C0130020C0130020B4
:10642C00C8130020C8130020D0130020D013002064
:10643C00D8130020D8130020E0130020E013002014
:10644C00E8130020E8130020F0130020F0130020C4
:10645C00F8130020F8130020001400200014002072
:10646C000814002008140020101400201014002020
:10647C0018140020181400202014002020140020D0
:10648C002814002028140020301400203014002080
:10649C003814002038140020401400204014002030
:1064AC0048140020481400205014002050140020E0
:1064BC005814002058140020601400206014002090
:1064CC006814002068140020701400207014002040
:1064DC0078140020781400208014002080140020F0
:1064EC0088140020881400209014002090140020A0
:1064FC009814002098140020A0140020A014002050
:10650C00A8140020A8140020B0140020B0140020FF
:10651C00B8140020B8140020C0140020C0140020AF
:10652C00C8140020C8140020D0140020D01400205F
:10653C00D8140020D8140020E0140020E01400200F
:10654C00E8140020E8140020F0140020F0140020BF
:10655C00F8140020F814002000150020001500206D
:10656C00081500200815002010150020101500201B
:10657C0018150020181500202015002020150020CB
:10658C00281500202815002030150020301500207B
:10659C00381500203815002040150020401500202B
:1065AC0048150020481500205015002050150020DB
:1065BC00581500205815002060150020601500208B
:1065CC00681500206815002070150020701500203B
:1065DC0078150020781500208015002080150020EB
:1065EC00881500208815002090150020901500209B
:1065FC009815002098150020A0150020A01500204B
:10660C00A8150020A8150020B0150020B0150020FA
:10661C00B8150020B8150020C0150020C0150020AA
:10662C00C8150020C8150020D0150020D01500205A
:10663C00D8150020D8150020E0150020E01500200A
:10664C00E8150020E8150020F0150020F0150020BA
:10665C00F8150020F8150020001600200016002068
:10666C000816002008160020101600201016002016
:10667C0018160020181600202016002020160020C6
:10668C002816002028160020301600203016002076
:10669C00381600203816002000000000030000000F
:1066AC00441F00205816002000000000441F00204A
:1066BC00AC1F00201420002000000000000000008F
:1066CC0000000000000000000000000000000000BE
:1066DC0000000000000000000000000000000000AE
:1066EC00000000000000000000000000000000009E
:1066FC00000000000000000000000000000000008E
:10670C00000000000000000000000000000000007D
:10671C00000000000000000000000000000000006D
:10672C00000000000000000000000000000000005D
:10673C00000000000000000000000000000000004D
:10674C0001000000000000000E33CDAB34126DE6EA
:10675C00ECDE05000B000000000000000000000053
:10676C00000000000000000000000000000000001D
:10677C00000000000000000000000000000000000D
:10678C0000000000000000000000000000000000FD
:10679C0000000000000000000000000000000000ED
:1067AC0000000000000000000000000000000000DD
:1067BC0000000000000000000000000000000000CD
:1067CC0000000000000000000000000000000000BD
:1067DC0000000000000000000000000000000000AD
:1067EC00000000000000000000000000000000009D
:1067FC00000000000000000000000000000000008D
:10680C00000000000000000000000000000000007C
:10681C00000000000000000000000000000000006C
:10682C00000000000000000000000000000000005C
:10683C00000000000000000000000000000000004C
:10684C00000000000000000000000000000000003C
:10685C00000000000000000000000000000000002C
:10686C00000000000000000000000000000000001C
:10687C00000000000000000000000000000000000C
:10688C0000000000000000000000000000000000FC
:10689C0000000000000000000000000000000000EC
:1068AC000000000000000000430000000000000099
:1068BC0000000000000000000000000000000000CC
:1068CC000000000000000000430000000000000079
:1068DC0000000000000000000000000000000000AC
:1068EC000000000000000000430000000000000059
:1068FC00000000000000000000000000000000008C
:10690C000000000000000000430000000000000038
:10691C00000000000000000000000000000000006B
:10692C000000000000000000430000000000000018
:10693C00000000000000000000000000000000004B
:10694C0000000000000000004300000000000000F8
:10695C00000000000000000000000000000000002B
:10696C0000000000000000004300000000000000D8
:10697C00000000000000000000000000000000000B
:10698C0000000000000000004300000000000000B8
:10699C0000000000000000000000000000000000EB
:1069AC0000000000000000000000000000000000DB
:1069BC0000000000000000000000000000000000CB
:1069CC0000000000000000000000000000000000BB
:1069DC0000000000000000000000000000000000AB
:1069EC00000000000000000000000000000000009B
:1069FC00000000000000000000000000000000008B
:106A0C00000000000000000000000000000000007A
:106A1C00000000000000000000000000000000006A
:106A2C00000000000000000000000000000000005A
:106A3C00000000000000000000000000000000004A
:106A4C00000000000000000000000000000000003A
:106A5C00000000000000000000000000000000002A
:106A6C00000000000000000000000000000000001A
:106A7C009DB800103DA70010000000001CDE0010A7
:106A8C00A8D7001058D5001058D5001058D50010B4
:106A9C0058D5001058D5001058D5001058D50010F6
:106AAC0058D5001058D50010FFFFFFFFFFFFFFFF68
:106ABC00FFFFFFFFFFFF0000010041534349490066
:106ACC0000000000000000000000000000000000BA
:106ADC000000000000000000000041534349490041
:106AEC00000000000000000000000000000000009A
:106AFC00000000000000000000000000000000008A
:046B0C000000000085
:04000005100001E9FD
:00000001FF
